date,pm2_5
2016-01-01,36.00547693784101
2016-01-02,10.0
2016-01-03,23.41039572578426
2016-01-04,28.16744877253668
2016-01-05,137.38983151600385
2016-01-06,38.22246954704311
2016-01-07,60.263657741696505
2016-01-08,89.20111467376417
2016-01-09,10.0
2016-01-10,67.40259516851836
2016-01-11,15.282036937038281
2016-01-12,10.0
2016-01-13,64.99975010815474
2016-01-14,10.0
2016-01-15,77.17862011294437
2016-01-16,10.0
2016-01-17,40.28335406655843
2016-01-18,73.68542056806139
2016-01-19,54.99130727747668
2016-01-20,57.365944074534575
2016-01-21,39.260194850853544
2016-01-22,50.57476200603988
2016-01-23,10.0
2016-01-24,10.0
2016-01-25,59.301792345726014
2016-01-26,40.841652030497585
2016-01-27,10.0
2016-01-28,80.01991164265472
2016-01-29,71.9104388363305
2016-01-30,13.919843506657827
2016-01-31,61.047847761441886
2016-02-01,67.04207922252172
2016-02-02,87.21923807358827
2016-02-03,81.54414755645459
2016-02-04,99.80776342830576
2016-02-05,119.10828435684243
2016-02-06,52.874457172898246
2016-02-07,96.61020259665378
2016-02-08,131.4881160625902
2016-02-09,10.0
2016-02-10,69.48017722636872
2016-02-11,10.0
2016-02-12,84.6136230291927
2016-02-13,83.0592950816665
2016-02-14,53.15251429271221
2016-02-15,10.0
2016-02-16,174.2848872317309
2016-02-17,67.37150592469438
2016-02-18,120.6815567816384
2016-02-19,79.11075639482087
2016-02-20,10.0
2016-02-21,25.5053345619421
2016-02-22,74.73151526852985
2016-02-23,34.86662959715541
2016-02-24,104.26645241796595
2016-02-25,128.90211193187315
2016-02-26,10.0
2016-02-27,105.22607862850049
2016-02-28,80.31294716830203
2016-02-29,49.81474243250398
2016-03-01,107.98594422595218
2016-03-02,94.61156694750949
2016-03-03,85.65776169170022
2016-03-04,98.0262663468121
2016-03-05,71.08337806782653
2016-03-06,92.47746061827374
2016-03-07,98.4413840672512
2016-03-08,89.55037146447177
2016-03-09,74.50500863034819
2016-03-10,104.73750333287393
2016-03-11,111.18680205609867
2016-03-12,85.2578102993878
2016-03-13,116.32487137013155
2016-03-14,103.82148277731581
2016-03-15,109.16668750304198
2016-03-16,96.58634513146716
2016-03-17,102.89080424816709
2016-03-18,126.32925008795326
2016-03-19,117.08816724106231
2016-03-20,110.34964102401901
2016-03-21,112.89340535386158
2016-03-22,128.72383056132546
2016-03-23,106.11718274747423
2016-03-24,116.03641228176963
2016-03-25,146.43600158389063
2016-03-26,127.4196518389386
2016-03-27,139.69137885039402
2016-03-28,136.20854645071472
2016-03-29,122.59679205223034
2016-03-30,120.39688916271916
2016-03-31,100.35015791444532
2016-04-01,131.00065264010902
2016-04-02,125.26544783594048
2016-04-03,127.46657854495149
2016-04-04,124.93623628227569
2016-04-05,133.814076943288
2016-04-06,140.22323328014116
2016-04-07,126.13567936609385
2016-04-08,136.4813121010508
2016-04-09,115.99466179057934
2016-04-10,114.0849916783361
2016-04-11,164.8646397548623
2016-04-12,137.69216646483451
2016-04-13,129.9738122717969
2016-04-14,125.80134065254717
2016-04-15,129.09534350673422
2016-04-16,172.94531880915494
2016-04-17,125.38680473892636
2016-04-18,129.21767425082467
2016-04-19,145.9560456352401
2016-04-20,150.2692017461923
2016-04-21,179.65483581704746
2016-04-22,157.51430761259698
2016-04-23,116.92304879269831
2016-04-24,164.19262223030458
2016-04-25,161.97267762063393
2016-04-26,167.34777854181522
2016-04-27,146.90524325002116
2016-04-28,149.03563195017318
2016-04-29,159.85344136729572
2016-04-30,176.84861996558658
2016-05-01,192.83428861887393
2016-05-02,172.8608609219529
2016-05-03,166.3927666103862
2016-05-04,157.15712790462118
2016-05-05,173.90834281274147
2016-05-06,183.8973838124904
2016-05-07,182.17495664905653
2016-05-08,173.33747558945197
2016-05-09,163.33059632339535
2016-05-10,172.57534262074506
2016-05-11,165.92943989025213
2016-05-12,185.8918898251144
2016-05-13,192.4323607172262
2016-05-14,195.28912339522287
2016-05-15,197.08354799071512
2016-05-16,194.2851464327818
2016-05-17,191.04136897333223
2016-05-18,176.91540315329271
2016-05-19,210.1562751567898
2016-05-20,170.25832540446405
2016-05-21,178.78355183438885
2016-05-22,184.45908894402365
2016-05-23,191.70605750106492
2016-05-24,182.73732684405815
2016-05-25,199.14422129062976
2016-05-26,174.5317635733181
2016-05-27,163.21873819297332
2016-05-28,206.83707030424233
2016-05-29,193.24257243288073
2016-05-30,192.81710493315765
2016-05-31,214.44577954190223
2016-06-01,183.8754493000416
2016-06-02,191.29242637184748
2016-06-03,192.3277315711208
2016-06-04,161.9575073356262
2016-06-05,199.38291930361964
2016-06-06,192.60830299996402
2016-06-07,197.3479953543293
2016-06-08,217.12192686724603
2016-06-09,165.64349587023202
2016-06-10,181.11716666817927
2016-06-11,216.40923496907544
2016-06-12,214.62369535861808
2016-06-13,188.12270010783334
2016-06-14,177.63127270080378
2016-06-15,214.9419930560422
2016-06-16,193.8231319820177
2016-06-17,209.4514777018548
2016-06-18,201.40311173388267
2016-06-19,180.92392770600642
2016-06-20,213.60500859105483
2016-06-21,205.4257347158943
2016-06-22,201.62183045504273
2016-06-23,211.00793320094078
2016-06-24,194.30983815906637
2016-06-25,198.40178113541174
2016-06-26,189.12365586806587
2016-06-27,226.88601237713067
2016-06-28,182.08381296717425
2016-06-29,213.85486141770332
2016-06-30,206.24762125678475
2016-07-01,196.48981148711366
2016-07-02,185.05978987959014
2016-07-03,219.16319211214326
2016-07-04,243.1663915066038
2016-07-05,194.64106992781262
2016-07-06,213.5099925037993
2016-07-07,188.36974811747945
2016-07-08,225.3238772374265
2016-07-09,194.03850796744143
2016-07-10,196.71469483314155
2016-07-11,220.46127546876303
2016-07-12,198.93778618440214
2016-07-13,214.3281589256323
2016-07-14,185.03867229090037
2016-07-15,210.026492439828
2016-07-16,207.07266797739106
2016-07-17,205.92796082646743
2016-07-18,195.29289096569892
2016-07-19,192.5194699733956
2016-07-20,199.56132106229052
2016-07-21,216.22051347440777
2016-07-22,196.09730961683084
2016-07-23,215.91809281021486
2016-07-24,191.37464158337872
2016-07-25,181.36925115479013
2016-07-26,216.70637832207046
2016-07-27,159.17156228586748
2016-07-28,204.6508936087469
2016-07-29,212.07811659716063
2016-07-30,184.17423755013243
2016-07-31,189.37942699120833
2016-08-01,190.76472117177528
2016-08-02,178.3583527773154
2016-08-03,176.22577296989846
2016-08-04,178.5757812387621
2016-08-05,179.31942294403743
2016-08-06,179.87774517068002
2016-08-07,172.28612497507868
2016-08-08,179.45677659263234
2016-08-09,166.47602089288804
2016-08-10,206.9812437811462
2016-08-11,170.92049934871628
2016-08-12,202.29586162226045
2016-08-13,173.98531205416842
2016-08-14,186.59287258493524
2016-08-15,162.32849749182606
2016-08-16,171.33401507949768
2016-08-17,192.0443083081818
2016-08-18,147.1829622515847
2016-08-19,177.35645378803287
2016-08-20,191.38278331571513
2016-08-21,169.36272503191876
2016-08-22,187.31889153357494
2016-08-23,155.14460785365225
2016-08-24,161.8559086751263
2016-08-25,187.0496121335657
2016-08-26,174.51350954019242
2016-08-27,203.9024823782692
2016-08-28,148.81367705103958
2016-08-29,160.16878835378915
2016-08-30,192.83482816377816
2016-08-31,153.9846402643291
2016-09-01,155.72325374425512
2016-09-02,165.77302014456146
2016-09-03,170.4510886792245
2016-09-04,134.84825808328227
2016-09-05,174.0787402940671
2016-09-06,155.74449469966845
2016-09-07,169.86859523008707
2016-09-08,146.61704010813114
2016-09-09,142.66494421441237
2016-09-10,152.3704651764898
2016-09-11,120.15551222654679
2016-09-12,166.61729071034176
2016-09-13,163.19204596389676
2016-09-14,157.98100085960994
2016-09-15,140.39950242850932
2016-09-16,134.217564648273
2016-09-17,156.25118033707687
2016-09-18,159.86709682463905
2016-09-19,132.4180800693636
2016-09-20,127.33970763165485
2016-09-21,129.81893625397763
2016-09-22,130.45536069589772
2016-09-23,128.6275364885084
2016-09-24,134.8666017809439
2016-09-25,140.78475281304654
2016-09-26,127.97176698107543
2016-09-27,131.3585988423238
2016-09-28,131.9227503106954
2016-09-29,113.07897578440503
2016-09-30,102.63218957610528
2016-10-01,144.51663313926645
2016-10-02,172.33417237492827
2016-10-03,115.20799762693349
2016-10-04,106.81146448579665
2016-10-05,132.78425162011507
2016-10-06,165.8836213109413
2016-10-07,154.70365396043331
2016-10-08,165.29333173593656
2016-10-09,82.26792119775128
2016-10-10,82.3184705362856
2016-10-11,152.73612705983803
2016-10-12,73.0184777014964
2016-10-13,180.49098266991172
2016-10-14,164.76908537028837
2016-10-15,67.53389552252045
2016-10-16,185.9121579025222
2016-10-17,54.32063442449504
2016-10-18,86.30147870045361
2016-10-19,80.55313962927386
2016-10-20,83.96030112969369
2016-10-21,137.98716825299573
2016-10-22,40.69133432595421
2016-10-23,45.59585475533419
2016-10-24,106.58203026546957
2016-10-25,90.20329615145215
2016-10-26,65.94822811081463
2016-10-27,41.24805797538956
2016-10-28,46.3118023509914
2016-10-29,99.15433439458225
2016-10-30,42.604964473100225
2016-10-31,10.0
2016-11-01,89.45142938006471
2016-11-02,24.436627246521667
2016-11-03,53.56922982674174
2016-11-04,55.18137184334408
2016-11-05,80.497405447304
2016-11-06,106.60762166775116
2016-11-07,119.03943450893952
2016-11-08,94.52645031717624
2016-11-09,86.29745242695485
2016-11-10,98.75696346872266
2016-11-11,43.91698217888104
2016-11-12,43.68730250920824
2016-11-13,146.03524026908156
2016-11-14,99.91248480940958
2016-11-15,95.76448966440327
2016-11-16,121.11238914492094
2016-11-17,101.88533998179084
2016-11-18,42.22031974227738
2016-11-19,62.79005107826348
2016-11-20,10.0
2016-11-21,31.1762335075552
2016-11-22,35.85475904404592
2016-11-23,56.55711815750519
2016-11-24,32.29794055416896
2016-11-25,50.43573389461585
2016-11-26,21.325499215609284
2016-11-27,67.25003465986339
2016-11-28,105.38497244833542
2016-11-29,112.30531422309473
2016-11-30,22.79547336077924
2016-12-01,17.3413995163113
2016-12-02,59.959370293682426
2016-12-03,104.34351529808475
2016-12-04,62.67734871301432
2016-12-05,110.15618915946108
2016-12-06,10.0
2016-12-07,51.26979269429513
2016-12-08,40.15486308932068
2016-12-09,16.406201066735512
2016-12-10,101.30316243578022
2016-12-11,32.1490895214773
2016-12-12,10.0
2016-12-13,89.41671164930693
2016-12-14,10.0
2016-12-15,80.39496169300759
2016-12-16,10.0
2016-12-17,10.0
2016-12-18,56.784673658740786
2016-12-19,51.08194505757713
2016-12-20,66.17807189944395
2016-12-21,10.0
2016-12-22,10.0
2016-12-23,18.48822388717108
2016-12-24,10.0
2016-12-25,78.53963539795615
2016-12-26,10.0
2016-12-27,127.61935828078313
2016-12-28,10.0
2016-12-29,110.64068226537044
2016-12-30,10.0
2016-12-31,55.94540080893212
2017-01-01,97.5421826044945
2017-01-02,157.29409484613973
2017-01-03,23.35948411447972
2017-01-04,10.0
2017-01-05,65.70075005488752
2017-01-06,30.627413110991235
2017-01-07,96.03878088521573
2017-01-08,37.882552883311845
2017-01-09,26.3488792838504
2017-01-10,40.993658197558084
2017-01-11,64.08178096128236
2017-01-12,77.7145620758759
2017-01-13,10.0
2017-01-14,29.38576847264376
2017-01-15,65.81838658948504
2017-01-16,10.0
2017-01-17,10.0
2017-01-18,48.3101829661144
2017-01-19,10.0
2017-01-20,87.72819428280934
2017-01-21,10.0
2017-01-22,15.763338137875145
2017-01-23,55.82551028464681
2017-01-24,27.132483359579545
2017-01-25,47.00279800811779
2017-01-26,60.82109304066287
2017-01-27,84.7296703172107
2017-01-28,10.0
2017-01-29,108.4584201051972
2017-01-30,67.29890791106925
2017-01-31,51.371832149094445
2017-02-01,10.0
2017-02-02,107.7278494633133
2017-02-03,10.0
2017-02-04,42.165919151395116
2017-02-05,39.960826163969536
2017-02-06,48.07549659580525
2017-02-07,10.0
2017-02-08,98.66122482226007
2017-02-09,13.987685649510311
2017-02-10,44.105681300083816
2017-02-11,10.0
2017-02-12,87.05128706746305
2017-02-13,38.24782136413274
2017-02-14,54.175274323835104
2017-02-15,66.85040149954284
2017-02-16,23.95378587618712
2017-02-17,85.06212611077763
2017-02-18,10.745498722010836
2017-02-19,53.0503659497511
2017-02-20,87.08648147994961
2017-02-21,52.422736870844226
2017-02-22,52.9723588738384
2017-02-23,39.672888468460236
2017-02-24,96.15526851699099
2017-02-25,80.08719270128704
2017-02-26,124.00768767464737
2017-02-27,46.7868276026372
2017-02-28,24.084609907721386
2017-03-01,40.92774502309396
2017-03-02,65.53423056473738
2017-03-03,95.98827933447468
2017-03-04,78.35533272330994
2017-03-05,60.774757409324934
2017-03-06,67.61627031756295
2017-03-07,67.41950313222117
2017-03-08,107.86573736199509
2017-03-09,94.85271222645962
2017-03-10,85.09409183435491
2017-03-11,81.36673939793681
2017-03-12,99.40479815214184
2017-03-13,77.53124636397025
2017-03-14,87.23542169396839
2017-03-15,88.04338233772873
2017-03-16,111.23312492517209
2017-03-17,84.33447388625248
2017-03-18,88.18619492021804
2017-03-19,103.25240893775337
2017-03-20,104.2073734298633
2017-03-21,100.46635768821949
2017-03-22,113.59394678483164
2017-03-23,88.42474371665529
2017-03-24,100.56988109399302
2017-03-25,112.15723199827423
2017-03-26,99.0257409925099
2017-03-27,116.48784702496846
2017-03-28,94.02185389072697
2017-03-29,121.02088239615101
2017-03-30,110.1063712198977
2017-03-31,142.12136330950523
2017-04-01,115.0314656591751
2017-04-02,138.04757563755342
2017-04-03,133.64707838560602
2017-04-04,149.7104681694459
2017-04-05,111.46692200056121
2017-04-06,129.0701479065362
2017-04-07,137.06650050116056
2017-04-08,90.81544154434155
2017-04-09,142.57723551441842
2017-04-10,132.1767097043062
2017-04-11,146.6975325320318
2017-04-12,136.5669514347894
2017-04-13,146.53163356171885
2017-04-14,164.77143646174673
2017-04-15,134.48699369523283
2017-04-16,136.9711382533581
2017-04-17,161.63659032259943
2017-04-18,167.41208823353472
2017-04-19,142.7899196620548
2017-04-20,152.66990984736077
2017-04-21,153.67982289322453
2017-04-22,147.39850651832762
2017-04-23,124.7521882377239
2017-04-24,132.57613967516917
2017-04-25,166.78875447303915
2017-04-26,158.3844300765997
2017-04-27,137.6469993468818
2017-04-28,138.3876977515946
2017-04-29,134.6344893235261
2017-04-30,155.51846638520786
2017-05-01,162.67997801778841
2017-05-02,177.11076161791317
2017-05-03,156.6012015406433
2017-05-04,169.73384053174712
2017-05-05,171.02646438828404
2017-05-06,156.5788716413655
2017-05-07,156.5166818070843
2017-05-08,147.09494643257582
2017-05-09,181.6209094423999
2017-05-10,168.1441901702674
2017-05-11,163.98650040366462
2017-05-12,185.6247978353741
2017-05-13,152.85479124498497
2017-05-14,177.66470591534485
2017-05-15,176.5481930095284
2017-05-16,190.7905098742977
2017-05-17,193.3349765764334
2017-05-18,178.41585131781207
2017-05-19,193.52658539753466
2017-05-20,147.84715512817087
2017-05-21,176.9018731876692
2017-05-22,186.51713925452762
2017-05-23,183.928399699816
2017-05-24,184.46363212456956
2017-05-25,167.12107113120248
2017-05-26,189.75776400052862
2017-05-27,199.85777453079567
2017-05-28,189.369159355333
2017-05-29,186.0519936948007
2017-05-30,203.21907015018712
2017-05-31,193.84966657746278
2017-06-01,165.4770714263408
2017-06-02,206.41797599112482
2017-06-03,213.55308281852876
2017-06-04,194.33253457670338
2017-06-05,191.57663647310721
2017-06-06,209.13242988763278
2017-06-07,184.6761225110974
2017-06-08,200.08638628854254
2017-06-09,180.35397450433263
2017-06-10,200.4425667022361
2017-06-11,191.42564292703318
2017-06-12,182.27720194534155
2017-06-13,178.27416758815292
2017-06-14,192.469378561661
2017-06-15,194.6504198364508
2017-06-16,187.5895425099328
2017-06-17,184.91597122233654
2017-06-18,220.7967742609534
2017-06-19,209.99943213739613
2017-06-20,225.4523230397613
2017-06-21,202.44167709011063
2017-06-22,186.89904267104015
2017-06-23,179.32627010730485
2017-06-24,213.63123465724757
2017-06-25,198.50164874439994
2017-06-26,187.50204545113255
2017-06-27,205.29522904772813
2017-06-28,201.02580775967076
2017-06-29,194.57402818373927
2017-06-30,204.986934456887
2017-07-01,187.94407277108292
2017-07-02,218.13929670091574
2017-07-03,224.07366701370887
2017-07-04,200.78771418040768
2017-07-05,196.09599530174154
2017-07-06,187.01823511321038
2017-07-07,207.69123089433322
2017-07-08,209.9876222312235
2017-07-09,175.16351511022887
2017-07-10,222.81234466949047
2017-07-11,214.14642078613628
2017-07-12,189.76621486692284
2017-07-13,182.6942330089562
2017-07-14,189.90205883750036
2017-07-15,191.66780462420354
2017-07-16,170.456516705093
2017-07-17,198.20169350465426
2017-07-18,220.48216267369216
2017-07-19,210.930537975651
2017-07-20,195.84718346411907
2017-07-21,188.64588185978278
2017-07-22,214.93890664449987
2017-07-23,174.94550827117433
2017-07-24,197.36232151667997
2017-07-25,197.3402707831809
2017-07-26,172.95132653360568
2017-07-27,201.2102027439273
2017-07-28,188.65883758225925
2017-07-29,204.82268501199962
2017-07-30,157.80536654038227
2017-07-31,197.99135339417552
2017-08-01,172.5647792886615
2017-08-02,198.5054232722547
2017-08-03,200.04474355488114
2017-08-04,168.10673952440325
2017-08-05,184.90742177834395
2017-08-06,166.99156819179092
2017-08-07,167.36370741000553
2017-08-08,196.7148745329445
2017-08-09,192.3380308627833
2017-08-10,204.94156863604798
2017-08-11,167.303359474276
2017-08-12,184.11256054624096
2017-08-13,181.17041200090023
2017-08-14,182.73092469485522
2017-08-15,204.4087174860543
2017-08-16,172.7766713649633
2017-08-17,174.6591178589071
2017-08-18,179.0575199878935
2017-08-19,197.77186439902565
2017-08-20,167.51836403891838
2017-08-21,171.22475939457382
2017-08-22,159.06378380428487
2017-08-23,156.80165406966603
2017-08-24,189.24047746106473
2017-08-25,174.22041567485127
2017-08-26,165.1876678299956
2017-08-27,169.56859841643603
2017-08-28,172.7874513504129
2017-08-29,185.25990102014737
2017-08-30,150.8157165027924
2017-08-31,175.07230486845137
2017-09-01,160.3747180562671
2017-09-02,182.4480709512295
2017-09-03,156.21829731635935
2017-09-04,160.48434328792908
2017-09-05,136.33116743101965
2017-09-06,149.53647668630205
2017-09-07,160.97715315218292
2017-09-08,144.48287565082782
2017-09-09,131.54571670717172
2017-09-10,154.7483964497233
2017-09-11,150.74611575955495
2017-09-12,144.2458483798823
2017-09-13,124.48473851245292
2017-09-14,134.15190435707638
2017-09-15,152.89369645057326
2017-09-16,147.85510711854513
2017-09-17,142.73555992921413
2017-09-18,137.35098146595536
2017-09-19,137.17262081664182
2017-09-20,159.77366403725117
2017-09-21,127.67563683062694
2017-09-22,92.5548501666089
2017-09-23,133.20486884433646
2017-09-24,121.64748182438304
2017-09-25,132.9954779921734
2017-09-26,118.84248295722739
2017-09-27,139.2540947304271
2017-09-28,129.51246438103004
2017-09-29,119.44143034208071
2017-09-30,125.97313098376026
2017-10-01,125.85916745930342
2017-10-02,86.05737709967092
2017-10-03,154.2565885787841
2017-10-04,206.63823334790663
2017-10-05,111.76049779965396
2017-10-06,146.59580677887226
2017-10-07,114.77742996052555
2017-10-08,126.09700147615057
2017-10-09,124.21055045997576
2017-10-10,82.51308659917039
2017-10-11,145.21666541230377
2017-10-12,160.49740177137386
2017-10-13,72.17208000753543
2017-10-14,106.97171960750983
2017-10-15,88.77073995015155
2017-10-16,183.4120412950372
2017-10-17,99.44061666001105
2017-10-18,53.66868213891264
2017-10-19,95.34677185843604
2017-10-20,99.7990641080798
2017-10-21,166.14910450403343
2017-10-22,47.79089004280185
2017-10-23,96.01533351007517
2017-10-24,80.6451980225298
2017-10-25,103.40898492854123
2017-10-26,37.44755250528682
2017-10-27,86.81294475912732
2017-10-28,39.968898607183654
2017-10-29,38.38601633443943
2017-10-30,96.35815039691805
2017-10-31,89.06333700531097
2017-11-01,90.45523855577382
2017-11-02,140.66695024330076
2017-11-03,20.001000036676743
2017-11-04,51.320310204510406
2017-11-05,10.079328590792997
2017-11-06,40.35720710393373
2017-11-07,52.475909914195
2017-11-08,63.9859536127329
2017-11-09,111.55302370536684
2017-11-10,84.88351514059465
2017-11-11,39.43692574144444
2017-11-12,10.0
2017-11-13,60.179903716032825
2017-11-14,39.95663556533739
2017-11-15,10.0
2017-11-16,36.58948016725829
2017-11-17,16.223236971154975
2017-11-18,69.15459158424238
2017-11-19,166.79938404178375
2017-11-20,77.30551847637042
2017-11-21,10.0
2017-11-22,17.295177567561083
2017-11-23,10.0
2017-11-24,34.22821971840093
2017-11-25,154.42388343838854
2017-11-26,58.79786707998147
2017-11-27,53.36357972842399
2017-11-28,34.94833038143611
2017-11-29,85.365580691112
2017-11-30,10.0
2017-12-01,111.20603567971247
2017-12-02,96.61688277296341
2017-12-03,10.0
2017-12-04,114.30590463294823
2017-12-05,91.74120915885845
2017-12-06,10.096744973281517
2017-12-07,58.86948390194546
2017-12-08,83.6330890206956
2017-12-09,100.36718671895184
2017-12-10,76.4411433739431
2017-12-11,10.0
2017-12-12,61.583448498967485
2017-12-13,23.555235950902546
2017-12-14,77.78441980397909
2017-12-15,11.61950796321689
2017-12-16,85.73378121886229
2017-12-17,64.45703199516436
2017-12-18,74.84479569538254
2017-12-19,62.454457915620765
2017-12-20,10.0
2017-12-21,52.48456970143152
2017-12-22,10.0
2017-12-23,36.236171757892436
2017-12-24,60.22865256353285
2017-12-25,105.79329320270591
2017-12-26,30.95107153328076
2017-12-27,10.0
2017-12-28,57.64863995315305
2017-12-29,10.0
2017-12-30,10.0
2017-12-31,63.90016409432121
2018-01-01,71.03988061047676
2018-01-02,159.23356878462886
2018-01-03,73.1509891620718
2018-01-04,22.372970997457625
2018-01-05,29.319250552578616
2018-01-06,22.877622308612775
2018-01-07,29.126668657674664
2018-01-08,29.54975929813623
2018-01-09,10.0
2018-01-10,10.0
2018-01-11,92.53887583388158
2018-01-12,63.00552689473738
2018-01-13,32.149548345317655
2018-01-14,52.68160700503842
2018-01-15,37.95826035163584
2018-01-16,68.49628389889803
2018-01-17,38.357375642459324
2018-01-18,40.61486588512867
2018-01-19,21.995841367830025
2018-01-20,52.58898901521701
2018-01-21,40.81907648755916
2018-01-22,56.288247354170856
2018-01-23,115.78639721720714
2018-01-24,26.422085950312923
2018-01-25,76.40900621152659
2018-01-26,58.196511915199665
2018-01-27,44.50746249360541
2018-01-28,32.158420856502815
2018-01-29,10.0
2018-01-30,10.0
2018-01-31,52.870327222579995
2018-02-01,15.158336014272109
2018-02-02,16.561941372400305
2018-02-03,70.21543013266094
2018-02-04,76.10731762905279
2018-02-05,47.86472300938602
2018-02-06,53.371944684460246
2018-02-07,112.22482947309099
2018-02-08,64.35912923476093
2018-02-09,175.03690131705503
2018-02-10,34.417159823644106
2018-02-11,21.44157995365842
2018-02-12,52.518316222304094
2018-02-13,10.0
2018-02-14,117.26415835320839
2018-02-15,73.51430613879945
2018-02-16,58.058513569647815
2018-02-17,95.18766149757796
2018-02-18,10.0
2018-02-19,91.3693288669884
2018-02-20,10.0
2018-02-21,28.8011693148013
2018-02-22,97.8783329968377
2018-02-23,27.76956763374765
2018-02-24,70.84411295633177
2018-02-25,60.03158586780873
2018-02-26,39.08633580662881
2018-02-27,89.84916938803634
2018-02-28,34.752827739043084
2018-03-01,59.620387495096786
2018-03-02,68.3319121262991
2018-03-03,86.71117783953653
2018-03-04,84.41252401906377
2018-03-05,78.10156239909766
2018-03-06,62.740747122179755
2018-03-07,88.05604849699525
2018-03-08,77.16621073130091
2018-03-09,101.94550169245016
2018-03-10,83.87999289600538
2018-03-11,97.70852864375789
2018-03-12,86.0889954779929
2018-03-13,84.93192519359539
2018-03-14,85.41176043322153
2018-03-15,104.07205581210305
2018-03-16,87.65699690369695
2018-03-17,94.29454365323903
2018-03-18,85.46967271579749
2018-03-19,84.86153564231782
2018-03-20,120.72559055435413
2018-03-21,88.67601538810908
2018-03-22,88.3357073419597
2018-03-23,113.81822436907096
2018-03-24,77.77546543338768
2018-03-25,114.1172786472157
2018-03-26,110.22772634547536
2018-03-27,120.74140193218716
2018-03-28,123.61849463233469
2018-03-29,110.51113356290864
2018-03-30,112.64059886884654
2018-03-31,116.09995252526991
2018-04-01,130.95429489417853
2018-04-02,123.35627104847075
2018-04-03,115.73202621455407
2018-04-04,134.7827513769071
2018-04-05,124.85264729449322
2018-04-06,133.15548072647664
2018-04-07,161.39319595158508
2018-04-08,112.75720141095152
2018-04-09,119.2688282386492
2018-04-10,116.66307470186194
2018-04-11,122.7950073960258
2018-04-12,120.78335645847886
2018-04-13,133.24670202201204
2018-04-14,134.103367364987
2018-04-15,143.86679083929099
2018-04-16,141.72188984836805
2018-04-17,143.0101379159839
2018-04-18,151.26144162356948
2018-04-19,147.03761502464934
2018-04-20,101.28553343761459
2018-04-21,137.27827044560075
2018-04-22,181.15773548692178
2018-04-23,146.4157666088104
2018-04-24,173.6556314978811
2018-04-25,151.50034165013213
2018-04-26,151.50405891272547
2018-04-27,151.92208008519663
2018-04-28,154.32154701501128
2018-04-29,135.96720919591993
2018-04-30,154.24854314183415
2018-05-01,161.20530729563518
2018-05-02,161.62546648037585
2018-05-03,151.19707819293455
2018-05-04,162.80012865849977
2018-05-05,161.94849222648318
2018-05-06,142.94843895273328
2018-05-07,168.81966107959343
2018-05-08,147.628249591445
2018-05-09,180.11173559065944
2018-05-10,157.18868592935027
2018-05-11,166.28035550031137
2018-05-12,189.38809849510994
2018-05-13,155.7992715637523
2018-05-14,149.27847191355585
2018-05-15,171.66345051315878
2018-05-16,196.38540881867394
2018-05-17,186.0849449931835
2018-05-18,193.4863136556131
2018-05-19,191.31991640988576
2018-05-20,178.97916502914836
2018-05-21,184.7838229950261
2018-05-22,181.23162407268046
2018-05-23,170.08481952445237
2018-05-24,185.9366524442487
2018-05-25,175.6946808875901
2018-05-26,197.41334324956424
2018-05-27,186.05512645142502
2018-05-28,206.40598960840927
2018-05-29,184.3046639517863
2018-05-30,184.9216705192389
2018-05-31,190.78505738244962
2018-06-01,163.39757585053303
2018-06-02,171.13136656967873
2018-06-03,183.92420567945152
2018-06-04,185.9454800429851
2018-06-05,208.68057796512807
2018-06-06,166.5793696740804
2018-06-07,192.65870472579402
2018-06-08,190.88976642389287
2018-06-09,195.46227370150865
2018-06-10,184.83946433851207
2018-06-11,200.73486324545487
2018-06-12,215.8102118964031
2018-06-13,183.47939009237382
2018-06-14,207.91872213511678
2018-06-15,188.63437988699113
2018-06-16,186.21185213581302
2018-06-17,182.78628561635927
2018-06-18,210.1151033295034
2018-06-19,166.0385277729572
2018-06-20,213.47294636731488
2018-06-21,205.89987363953776
2018-06-22,193.7642261886404
2018-06-23,182.949064895974
2018-06-24,190.51345568360995
2018-06-25,201.34062893391547
2018-06-26,175.46914882794238
2018-06-27,204.2932304271739
2018-06-28,205.6267816922931
2018-06-29,183.49831585297298
2018-06-30,183.71213154801057
2018-07-01,201.67667004741278
2018-07-02,202.01251582813185
2018-07-03,195.01118404007275
2018-07-04,199.86310924040967
2018-07-05,183.76757795279812
2018-07-06,183.39401805203485
2018-07-07,207.66135782869702
2018-07-08,221.27907604032148
2018-07-09,209.50836497760395
2018-07-10,208.0060509638315
2018-07-11,197.03198946889037
2018-07-12,196.4476379021089
2018-07-13,200.33874164465487
2018-07-14,200.08180537622349
2018-07-15,197.90377594314225
2018-07-16,171.30764451505286
2018-07-17,180.9424508936666
2018-07-18,195.26077611075806
2018-07-19,205.2647233118383
2018-07-20,191.120619945778
2018-07-21,182.22864094500414
2018-07-22,187.33134344324
2018-07-23,186.315115751865
2018-07-24,193.65094019725626
2018-07-25,194.5682371914862
2018-07-26,191.15114716811237
2018-07-27,198.35825694989052
2018-07-28,180.92905166755443
2018-07-29,190.96466279637653
2018-07-30,173.65670345646413
2018-07-31,180.7146131476339
2018-08-01,174.86746498544136
2018-08-02,177.3808702088041
2018-08-03,171.27430549431688
2018-08-04,181.08328247432308
2018-08-05,172.33092447718246
2018-08-06,180.09479465274939
2018-08-07,192.37872076854333
2018-08-08,184.3872462592872
2018-08-09,188.66517556183348
2018-08-10,176.62085049934802
2018-08-11,191.6654453437102
2018-08-12,171.58305983000974
2018-08-13,200.16537061716505
2018-08-14,185.38840113991307
2018-08-15,151.46777967229778
2018-08-16,138.40124004469484
2018-08-17,177.0959187165022
2018-08-18,157.66830205942028
2018-08-19,196.07477393641688
2018-08-20,180.80317172858918
2018-08-21,176.98768851935367
2018-08-22,158.87240955336796
2018-08-23,156.52595590932265
2018-08-24,150.99882026868528
2018-08-25,195.67998498470067
2018-08-26,174.80326450171677
2018-08-27,164.0914370650259
2018-08-28,146.85439238154015
2018-08-29,161.36337367692136
2018-08-30,156.8342403804619
2018-08-31,158.50136356887103
2018-09-01,175.89826829147998
2018-09-02,134.50408301373656
2018-09-03,145.94223337864605
2018-09-04,135.33475656197047
2018-09-05,152.3671023597641
2018-09-06,148.04252397001522
2018-09-07,156.00905533524895
2018-09-08,147.79896409639426
2018-09-09,148.56535363738274
2018-09-10,127.0533280730809
2018-09-11,140.12550599874592
2018-09-12,157.4393892628241
2018-09-13,168.54859485714366
2018-09-14,131.38084332210212
2018-09-15,101.30750958307534
2018-09-16,119.90719351392309
2018-09-17,123.90017089172959
2018-09-18,136.19194312902712
2018-09-19,122.23426641939213
2018-09-20,123.2753705356206
2018-09-21,138.30298703004004
2018-09-22,116.85807764686932
2018-09-23,103.91693990766997
2018-09-24,98.88885631126672
2018-09-25,123.76539210653947
2018-09-26,133.53776156029892
2018-09-27,116.15269275094369
2018-09-28,118.80068568690189
2018-09-29,110.88055672063777
2018-09-30,113.79122760325525
2018-10-01,131.94176345543838
2018-10-02,190.09483222717157
2018-10-03,57.67210646803698
2018-10-04,83.09537915118445
2018-10-05,137.5091254805112
2018-10-06,152.76091999747922
2018-10-07,95.06164126174977
2018-10-08,111.79959873421933
2018-10-09,122.50613825239795
2018-10-10,53.2594271858955
2018-10-11,142.5383131460265
2018-10-12,91.54186205336791
2018-10-13,84.81840014406966
2018-10-14,98.07043819637072
2018-10-15,126.4824673143463
2018-10-16,109.01585466743278
2018-10-17,104.29565195378646
2018-10-18,111.17556854726024
2018-10-19,88.91008138300042
2018-10-20,65.6858745119774
2018-10-21,129.19770363370003
2018-10-22,208.08104619337558
2018-10-23,80.297468203431
2018-10-24,10.0
2018-10-25,10.0
2018-10-26,51.63581333875997
2018-10-27,42.42086730484629
2018-10-28,53.79814470690134
2018-10-29,75.81877684851936
2018-10-30,79.28220533793093
2018-10-31,76.1038516443531
2018-11-01,108.30455313155036
2018-11-02,88.64995128950783
2018-11-03,48.02532596630129
2018-11-04,107.2269055388347
2018-11-05,27.841468076816213
2018-11-06,33.42788860139448
2018-11-07,64.117706210529
2018-11-08,56.48216069037899
2018-11-09,73.67236256453477
2018-11-10,28.125516546002515
2018-11-11,136.6045911763769
2018-11-12,80.92006431750957
2018-11-13,113.40995703648395
2018-11-14,31.682553773160613
2018-11-15,66.83466740068747
2018-11-16,127.87148315994375
2018-11-17,74.4460108905266
2018-11-18,32.5636870096405
2018-11-19,91.18616281841278
2018-11-20,10.0
2018-11-21,76.8712360622105
2018-11-22,10.0
2018-11-23,12.210461297304924
2018-11-24,10.0
2018-11-25,115.66625649558132
2018-11-26,61.42768042375585
2018-11-27,105.65870584537005
2018-11-28,47.41948598689
2018-11-29,50.60816159355929
2018-11-30,10.0
2018-12-01,82.08834599557682
2018-12-02,10.0
2018-12-03,94.23276957458235
2018-12-04,70.96090425215789
2018-12-05,16.554732726732134
2018-12-06,62.34872975208215
2018-12-07,71.31609901733464
2018-12-08,70.9997941638184
2018-12-09,10.0
2018-12-10,10.0
2018-12-11,47.25243221921556
2018-12-12,10.0
2018-12-13,65.0072073521287
2018-12-14,10.0
2018-12-15,65.26208128849635
2018-12-16,80.07345474310588
2018-12-17,64.2712123932553
2018-12-18,60.217822266320354
2018-12-19,74.58925690902325
2018-12-20,10.0
2018-12-21,10.0
2018-12-22,56.42041942962815
2018-12-23,37.33808274794018
2018-12-24,46.57960773635803
2018-12-25,10.0
2018-12-26,10.0
2018-12-27,124.8956005248083
2018-12-28,36.24786935725783
2018-12-29,10.0
2018-12-30,10.0
2018-12-31,10.0
2019-01-01,39.71974276245487
2019-01-02,51.75287561085719
2019-01-03,33.7113833027682
2019-01-04,10.0
2019-01-05,76.44752509712607
2019-01-06,72.80548877787436
2019-01-07,35.88406734806231
2019-01-08,78.68843907345703
2019-01-09,61.25542144154291
2019-01-10,43.21885774802139
2019-01-11,12.033525280649599
2019-01-12,10.0
2019-01-13,66.88802497144474
2019-01-14,10.0
2019-01-15,47.47388391468611
2019-01-16,65.64303794453576
2019-01-17,10.0
2019-01-18,10.0
2019-01-19,42.88416828494075
2019-01-20,69.61805784122005
2019-01-21,77.97235797406262
2019-01-22,10.0
2019-01-23,15.312667491928519
2019-01-24,23.503846181595904
2019-01-25,19.08977147936873
2019-01-26,88.1947394798336
2019-01-27,54.96968307919862
2019-01-28,71.93958687721874
2019-01-29,43.43606736065806
2019-01-30,36.168382656544644
2019-01-31,23.847947109666535
2019-02-01,102.79823219780835
2019-02-02,41.81874365671716
2019-02-03,34.52099687476678
2019-02-04,41.30997054358209
2019-02-05,72.65250215986373
2019-02-06,65.61118515487286
2019-02-07,41.61074397626828
2019-02-08,10.0
2019-02-09,169.55285240332347
2019-02-10,40.18997880249653
2019-02-11,68.54691074857998
2019-02-12,25.469660835893485
2019-02-13,45.780903898829166
2019-02-14,89.5492169597596
2019-02-15,112.8739689815414
2019-02-16,40.314419684286236
2019-02-17,90.17413381509002
2019-02-18,46.56984363017841
2019-02-19,18.91225531698486
2019-02-20,44.96997701490973
2019-02-21,78.65338577391711
2019-02-22,84.91725258460329
2019-02-23,78.31993530718115
2019-02-24,27.25021914090253
2019-02-25,50.722079769607625
2019-02-26,10.301619970916192
2019-02-27,115.5689436252256
2019-02-28,80.28786469913233
2019-03-01,54.2694568963352
2019-03-02,50.81229930416934
2019-03-03,51.26581691946935
2019-03-04,52.1935294978257
2019-03-05,82.44714955712055
2019-03-06,87.75017309720664
2019-03-07,48.086678219407105
2019-03-08,89.57124397264703
2019-03-09,77.89309732839234
2019-03-10,77.42974892343113
2019-03-11,88.5621104016052
2019-03-12,88.41537699205205
2019-03-13,83.92914484039768
2019-03-14,99.6411544603276
2019-03-15,81.46805980018347
2019-03-16,88.03980196435742
2019-03-17,87.62721437942014
2019-03-18,108.50024734584751
2019-03-19,116.61886256324624
2019-03-20,58.19107524553767
2019-03-21,89.13047789663574
2019-03-22,76.92205578995699
2019-03-23,93.28017582759192
2019-03-24,110.24484306945993
2019-03-25,95.9026900717088
2019-03-26,92.7866769518103
2019-03-27,115.71953401322436
2019-03-28,109.11928701071707
2019-03-29,82.1134666458513
2019-03-30,114.28934276051046
2019-03-31,112.04264238812087
2019-04-01,128.57355112462886
2019-04-02,123.2647027298402
2019-04-03,126.26500885510579
2019-04-04,98.53813697499733
2019-04-05,135.58606977867393
2019-04-06,135.13305335181542
2019-04-07,127.83637285009698
2019-04-08,131.97944177722604
2019-04-09,99.52404867632949
2019-04-10,115.37528607426663
2019-04-11,126.1129280535478
2019-04-12,116.42067822934031
2019-04-13,140.73678664903028
2019-04-14,120.9384385312797
2019-04-15,116.40132627927571
2019-04-16,119.16034796044029
2019-04-17,104.23372274874838
2019-04-18,143.16007020485628
2019-04-19,140.93335245469734
2019-04-20,120.19537350843093
2019-04-21,125.07014880504535
2019-04-22,141.30936819352033
2019-04-23,149.2689404342636
2019-04-24,154.8249537640122
2019-04-25,129.42606799073974
2019-04-26,143.41888000806682
2019-04-27,152.04836361301955
2019-04-28,111.16748655310903
2019-04-29,138.90727540225924
2019-04-30,147.57935818740026
2019-05-01,151.26489588419355
2019-05-02,160.32314235589388
2019-05-03,152.75445165201944
2019-05-04,170.19038302389237
2019-05-05,178.2331696604832
2019-05-06,157.60166126885343
2019-05-07,181.26859794198762
2019-05-08,169.5513402454678
2019-05-09,178.09603515532046
2019-05-10,163.2372723503373
2019-05-11,185.7446608002132
2019-05-12,159.5564633238275
2019-05-13,165.20471360269195
2019-05-14,165.31583956079461
2019-05-15,162.40336970420998
2019-05-16,180.8534097386648
2019-05-17,173.9789510889765
2019-05-18,188.6744274240014
2019-05-19,184.90601955099044
2019-05-20,174.79946046280105
2019-05-21,169.3128447719972
2019-05-22,158.63871911940512
2019-05-23,168.6710343026516
2019-05-24,172.9900823456464
2019-05-25,178.05449943298868
2019-05-26,164.19451799423115
2019-05-27,190.8061646207879
2019-05-28,175.4570660082628
2019-05-29,191.4250462107804
2019-05-30,183.66902752680517
2019-05-31,190.6498558759763
2019-06-01,170.17272897665322
2019-06-02,193.71468360003144
2019-06-03,176.8332192974169
2019-06-04,176.69358854565596
2019-06-05,191.82676251167192
2019-06-06,178.72378109406102
2019-06-07,189.8882990900127
2019-06-08,193.55647947988413
2019-06-09,174.87484056201637
2019-06-10,184.53750273934546
2019-06-11,189.9317740458818
2019-06-12,160.66477016811947
2019-06-13,186.85412983404785
2019-06-14,176.6712158005016
2019-06-15,183.99805048015912
2019-06-16,163.80363726250266
2019-06-17,209.7485499429574
2019-06-18,213.03458151290326
2019-06-19,183.31977955762463
2019-06-20,191.15043518094083
2019-06-21,196.5264640679485
2019-06-22,206.9061310496071
2019-06-23,166.7046351597212
2019-06-24,195.1726601492452
2019-06-25,168.885567810345
2019-06-26,193.82043460087
2019-06-27,211.7783663201177
2019-06-28,214.68988951885777
2019-06-29,166.1895196284455
2019-06-30,183.78382055244217
2019-07-01,207.4461381925019
2019-07-02,212.18540156909788
2019-07-03,215.09610352189623
2019-07-04,171.43158396487138
2019-07-05,189.10918812739436
2019-07-06,203.37677281192896
2019-07-07,191.36722176354894
2019-07-08,210.97634923048255
2019-07-09,202.58660216509892
2019-07-10,182.01974346433045
2019-07-11,156.8331958831748
2019-07-12,212.0617960007547
2019-07-13,204.40691717389396
2019-07-14,195.33832802778707
2019-07-15,201.894939343186
2019-07-16,176.95459971335038
2019-07-17,189.3886339728542
2019-07-18,195.28112009433232
2019-07-19,175.05172046125202
2019-07-20,186.6179834827932
2019-07-21,190.43967972708248
2019-07-22,180.02844135202344
2019-07-23,161.14818995184083
2019-07-24,180.31420393642188
2019-07-25,193.36351623072875
2019-07-26,170.37950507100476
2019-07-27,203.14536829181782
2019-07-28,196.70992819557566
2019-07-29,186.52437184531695
2019-07-30,182.71876104041675
2019-07-31,219.63255226749106
2019-08-01,170.37736575668006
2019-08-02,215.79058516980058
2019-08-03,169.02897796553302
2019-08-04,170.91970531043572
2019-08-05,168.41196775535911
2019-08-06,173.90254655360235
2019-08-07,141.27745382744678
2019-08-08,207.92130120709035
2019-08-09,154.07528509180582
2019-08-10,161.61964674420346
2019-08-11,189.01336178343632
2019-08-12,197.50623246192262
2019-08-13,188.401821876308
2019-08-14,158.80511139029184
2019-08-15,172.78619914157179
2019-08-16,145.28531957972285
2019-08-17,164.5015526285042
2019-08-18,154.03416660326477
2019-08-19,163.89810283010533
2019-08-20,163.15618655796385
2019-08-21,205.07140739909406
2019-08-22,162.96112600991194
2019-08-23,157.92499979662455
2019-08-24,182.7703531494816
2019-08-25,143.89182635127392
2019-08-26,142.74080352056913
2019-08-27,190.32648048913276
2019-08-28,156.9007785119596
2019-08-29,164.98913111187392
2019-08-30,160.3899350730385
2019-08-31,151.583480650989
2019-09-01,161.0791795567156
2019-09-02,139.65562408246097
2019-09-03,147.61998764015567
2019-09-04,166.51302308518098
2019-09-05,128.4024922193807
2019-09-06,151.86172917552807
2019-09-07,167.96310280424794
2019-09-08,113.79350411453476
2019-09-09,136.23059841258876
2019-09-10,139.37557529675894
2019-09-11,136.20878939086163
2019-09-12,123.36768868551826
2019-09-13,135.43306821247916
2019-09-14,176.1034938068637
2019-09-15,110.85508317462124
2019-09-16,107.4811895533577
2019-09-17,116.56006430712543
2019-09-18,141.2701419665462
2019-09-19,141.02351616171012
2019-09-20,125.3643508220559
2019-09-21,110.3745286413777
2019-09-22,131.1088615742279
2019-09-23,118.54369603871753
2019-09-24,130.2081325818228
2019-09-25,111.307297942231
2019-09-26,96.95973456901595
2019-09-27,115.23324461288571
2019-09-28,133.00660567983857
2019-09-29,86.442132753935
2019-09-30,147.60404418861154
2019-10-01,143.40386116459126
2019-10-02,169.9294916405947
2019-10-03,30.23709217860656
2019-10-04,156.36553653348625
2019-10-05,143.30525676814665
2019-10-06,10.0
2019-10-07,105.38816514963283
2019-10-08,77.90847114595229
2019-10-09,42.77141691674112
2019-10-10,140.56306706129277
2019-10-11,97.93835140664865
2019-10-12,52.321263023462336
2019-10-13,72.28453823065738
2019-10-14,114.58620914553144
2019-10-15,25.243280107006896
2019-10-16,93.82971871902706
2019-10-17,48.967242122045896
2019-10-18,65.3171372120334
2019-10-19,126.72612534058959
2019-10-20,97.2605806114675
2019-10-21,92.49775138179955
2019-10-22,69.55869467240032
2019-10-23,44.70250570022462
2019-10-24,72.93978225426761
2019-10-25,142.43795668458205
2019-10-26,88.37005920945957
2019-10-27,64.31481263843361
2019-10-28,43.3999635169037
2019-10-29,10.0
2019-10-30,61.422682281057305
2019-10-31,20.34328802277262
2019-11-01,53.81868505529284
2019-11-02,28.79445873961201
2019-11-03,104.13068010291319
2019-11-04,74.96853267999771
2019-11-05,30.553467156566583
2019-11-06,116.68814380363389
2019-11-07,109.82177039618847
2019-11-08,42.54407551649216
2019-11-09,104.80450854267829
2019-11-10,75.09561729056927
2019-11-11,32.93313905791442
2019-11-12,91.41635501074684
2019-11-13,10.0
2019-11-14,48.291002393461014
2019-11-15,106.88964439362857
2019-11-16,10.0
2019-11-17,65.06529480986536
2019-11-18,10.0
2019-11-19,96.45160946044695
2019-11-20,60.348669054823304
2019-11-21,32.20591734841757
2019-11-22,31.608150366169028
2019-11-23,65.18475223867269
2019-11-24,68.81406149881957
2019-11-25,96.56409083744443
2019-11-26,20.93660297147077
2019-11-27,91.2174270159204
2019-11-28,13.834489175624963
2019-11-29,10.98017736646888
2019-11-30,83.96176821662405
2019-12-01,41.96507810753217
2019-12-02,38.11967111565476
2019-12-03,55.50089808108512
2019-12-04,97.47690414800084
2019-12-05,61.4460654406102
2019-12-06,61.29437355541666
2019-12-07,37.86238129886923
2019-12-08,40.41492627883268
2019-12-09,110.48522957244542
2019-12-10,39.381689333493014
2019-12-11,10.0
2019-12-12,10.0
2019-12-13,81.57207514727682
2019-12-14,33.22365430604435
2019-12-15,10.0
2019-12-16,10.0
2019-12-17,81.68039740460497
2019-12-18,31.841502547166293
2019-12-19,10.0
2019-12-20,10.0
2019-12-21,10.0
2019-12-22,47.63588119774744
2019-12-23,66.70774890758508
2019-12-24,10.0
2019-12-25,63.9298726213662
2019-12-26,13.792195134158863
2019-12-27,10.0
2019-12-28,19.40021221513618
2019-12-29,60.626466321678066
2019-12-30,43.560005354883785
2019-12-31,10.0
2020-01-01,24.312283627515978
2020-01-02,79.38303897996124
2020-01-03,10.0
2020-01-04,23.727889553667605
2020-01-05,44.24436718740555
2020-01-06,21.35226882833134
2020-01-07,112.22384506527908
2020-01-08,56.666731821755555
2020-01-09,83.77967166192747
2020-01-10,65.87670448562406
2020-01-11,91.452930605358
2020-01-12,63.39087832442195
2020-01-13,99.1526183978844
2020-01-14,10.0
2020-01-15,19.92760255912972
2020-01-16,26.927866214151102
2020-01-17,30.408904234085952
2020-01-18,10.0
2020-01-19,28.1233996482396
2020-01-20,45.440964649439486
2020-01-21,10.0
2020-01-22,33.6150820427329
2020-01-23,48.99499253926858
2020-01-24,46.54028520177751
2020-01-25,10.0
2020-01-26,10.0
2020-01-27,31.400860381614287
2020-01-28,39.31213047847965
2020-01-29,146.30827406587503
2020-01-30,37.22404405511699
2020-01-31,71.73238221638873
2020-02-01,10.0
2020-02-02,147.92030301325894
2020-02-03,75.54857927784653
2020-02-04,30.72425142329012
2020-02-05,10.0
2020-02-06,28.79030328401609
2020-02-07,98.39871099710712
2020-02-08,65.54469167070096
2020-02-09,96.2719474418355
2020-02-10,45.713523013500065
2020-02-11,49.37215561131111
2020-02-12,61.84882208793154
2020-02-13,14.545978085725125
2020-02-14,72.88768306182247
2020-02-15,51.148083970480016
2020-02-16,59.34031322269909
2020-02-17,15.298377386389632
2020-02-18,100.47944793420893
2020-02-19,10.0
2020-02-20,45.09906090784398
2020-02-21,63.09170249049994
2020-02-22,66.04768731479403
2020-02-23,10.0
2020-02-24,10.0
2020-02-25,25.40788489653481
2020-02-26,14.781423154004784
2020-02-27,52.95214950783706
2020-02-28,92.8072503097845
2020-02-29,87.02157003424475
2020-03-01,67.85214764222613
2020-03-02,70.41494723215368
2020-03-03,57.399802673396344
2020-03-04,86.9974606388761
2020-03-05,86.70351695519707
2020-03-06,63.72596420037872
2020-03-07,64.61810220801998
2020-03-08,57.48525325078041
2020-03-09,85.25832156396807
2020-03-10,76.41506078950144
2020-03-11,74.74774010132121
2020-03-12,75.38529521970038
2020-03-13,83.2747870601712
2020-03-14,97.83401169012016
2020-03-15,92.53099845264622
2020-03-16,89.00137387707673
2020-03-17,89.20363872558443
2020-03-18,90.92798648008446
2020-03-19,77.83823546673639
2020-03-20,104.94501710242311
2020-03-21,121.48580420567441
2020-03-22,106.07163720457072
2020-03-23,101.77085007670262
2020-03-24,78.7624733522415
2020-03-25,48.605026788840284
2020-03-26,64.84023342929136
2020-03-27,55.79445452263546
2020-03-28,76.74462093590753
2020-03-29,71.18056590017443
2020-03-30,70.97416946946731
2020-03-31,57.263581740124614
2020-04-01,66.9590072702368
2020-04-02,68.43655945296338
2020-04-03,90.72155849357071
2020-04-04,66.39976087646916
2020-04-05,60.919247939022554
2020-04-06,60.95117246967996
2020-04-07,60.32101993482786
2020-04-08,71.68740481452096
2020-04-09,74.43107819900754
2020-04-10,88.61332509073068
2020-04-11,73.98024446549053
2020-04-12,82.73335749678111
2020-04-13,86.96029040265798
2020-04-14,92.83064552214478
2020-04-15,85.14486182518858
2020-04-16,87.64206770854243
2020-04-17,84.1877945707533
2020-04-18,90.99494837909737
2020-04-19,82.09252083672442
2020-04-20,85.59025478961341
2020-04-21,87.20653189310352
2020-04-22,94.10672244095315
2020-04-23,91.8897770445422
2020-04-24,91.22616235078893
2020-04-25,86.92989286222611
2020-04-26,108.3761848184269
2020-04-27,80.44527627529327
2020-04-28,88.38881200163708
2020-04-29,113.91260677552864
2020-04-30,93.19117527423954
2020-05-01,88.23695926185295
2020-05-02,93.55506345713256
2020-05-03,81.30369187974739
2020-05-04,97.94314914667328
2020-05-05,104.07896369262802
2020-05-06,89.00741227032124
2020-05-07,92.83471812347467
2020-05-08,104.95965134605294
2020-05-09,101.33734335765688
2020-05-10,106.65866341783828
2020-05-11,112.48325878705027
2020-05-12,103.14764227711069
2020-05-13,98.88300385378967
2020-05-14,91.72158256876178
2020-05-15,102.82459647719814
2020-05-16,99.52468503464094
2020-05-17,84.06017119953141
2020-05-18,95.45116266784969
2020-05-19,104.35766346193749
2020-05-20,111.17434010161513
2020-05-21,92.2279342836127
2020-05-22,98.77170843746175
2020-05-23,115.26999389297069
2020-05-24,94.874952388842
2020-05-25,114.79480298453488
2020-05-26,101.78550421724468
2020-05-27,102.99333300242567
2020-05-28,100.38674768945022
2020-05-29,100.93641483921932
2020-05-30,93.59215667928568
2020-05-31,108.40455955670556
2020-06-01,122.89703917031478
2020-06-02,112.57239525796736
2020-06-03,96.72392158730659
2020-06-04,116.1832797965007
2020-06-05,110.29408999149412
2020-06-06,108.82404827810308
2020-06-07,100.39289972918876
2020-06-08,111.86943453921731
2020-06-09,112.60343991027554
2020-06-10,117.0439365436416
2020-06-11,109.29105977832755
2020-06-12,113.72993654408751
2020-06-13,108.91072964796375
2020-06-14,135.74151297454998
2020-06-15,118.61509363903942
2020-06-16,116.69013664475493
2020-06-17,114.0601807190911
2020-06-18,116.88019851674878
2020-06-19,106.26619765784152
2020-06-20,115.81167966407334
2020-06-21,100.9013694979889
2020-06-22,124.8558549878596
2020-06-23,119.79573465832011
2020-06-24,111.71153293904264
2020-06-25,110.49064017806955
2020-06-26,111.16754253665157
2020-06-27,104.98739254616754
2020-06-28,92.1400193792294
2020-06-29,118.96888903737468
2020-06-30,122.53958501174594
2020-07-01,199.7589997786339
2020-07-02,185.92482295812323
2020-07-03,155.05878968761783
2020-07-04,186.9870598884377
2020-07-05,215.23712201356088
2020-07-06,184.38941973164242
2020-07-07,205.6822007185879
2020-07-08,207.91698941577513
2020-07-09,194.54172464288456
2020-07-10,196.56553737393608
2020-07-11,183.20756110736244
2020-07-12,183.63136290020623
2020-07-13,183.7178913497755
2020-07-14,195.8892616794144
2020-07-15,190.7146866706239
2020-07-16,205.70282542843256
2020-07-17,201.67389719843717
2020-07-18,171.80755413630948
2020-07-19,187.69129232239047
2020-07-20,188.52188107073286
2020-07-21,174.13388326613975
2020-07-22,183.67364443602534
2020-07-23,194.18272539805858
2020-07-24,197.84247217501846
2020-07-25,208.91197938230027
2020-07-26,175.59645449922363
2020-07-27,212.19360417613495
2020-07-28,198.73131233695426
2020-07-29,181.02160659593778
2020-07-30,166.84752702808314
2020-07-31,169.77923429592278
2020-08-01,152.73919274141892
2020-08-02,182.3225351101259
2020-08-03,158.89988994672703
2020-08-04,158.12931891206284
2020-08-05,163.31666657599024
2020-08-06,186.6042333600646
2020-08-07,169.96178166583692
2020-08-08,174.05673885506354
2020-08-09,179.85059720391334
2020-08-10,179.53691254956527
2020-08-11,174.6175588885904
2020-08-12,142.26554371050997
2020-08-13,142.1659347775628
2020-08-14,149.89020180780287
2020-08-15,146.78613854283793
2020-08-16,166.12297910489067
2020-08-17,147.91066016512954
2020-08-18,182.65066698706613
2020-08-19,170.61940731092227
2020-08-20,149.726792528369
2020-08-21,146.67404374731225
2020-08-22,128.93720512095103
2020-08-23,173.1689889285245
2020-08-24,168.02559207930832
2020-08-25,148.74455771544007
2020-08-26,150.23878973394787
2020-08-27,133.19544316619883
2020-08-28,157.81488058011098
2020-08-29,129.6909649701475
2020-08-30,165.77266166748552
2020-08-31,150.69648182242872
2020-09-01,148.50321275927152
2020-09-02,135.05294932042818
2020-09-03,157.83319053874735
2020-09-04,151.13475300438242
2020-09-05,128.32277702513713
2020-09-06,153.5573185191352
2020-09-07,167.58013574102884
2020-09-08,163.95887664725842
2020-09-09,117.91540006406255
2020-09-10,152.73989067611154
2020-09-11,149.55337540123685
2020-09-12,114.13580580455924
2020-09-13,133.43795136676238
2020-09-14,114.6023665940235
2020-09-15,130.8664126930863
2020-09-16,122.13601892240001
2020-09-17,134.38302569809142
2020-09-18,156.0738337332093
2020-09-19,114.79446179149498
2020-09-20,132.07665362636516
2020-09-21,133.83525933426762
2020-09-22,143.92032889486612
2020-09-23,101.34565384702861
2020-09-24,88.18529205276512
2020-09-25,132.25120948113397
2020-09-26,125.29545495738594
2020-09-27,137.30800088718132
2020-09-28,131.0657928903033
2020-09-29,134.15965348493458
2020-09-30,114.11215260509606
2020-10-01,90.47878329895502
2020-10-02,153.04640957964043
2020-10-03,21.27019792050507
2020-10-04,83.54040694490578
2020-10-05,127.28028237581053
2020-10-06,76.89919749856142
2020-10-07,82.944750742011
2020-10-08,131.70069669169743
2020-10-09,81.8371941011502
2020-10-10,120.19774283344314
2020-10-11,110.85597119287404
2020-10-12,91.03359907851747
2020-10-13,123.79211488636813
2020-10-14,142.8358196818549
2020-10-15,114.32435870163678
2020-10-16,101.19705347189743
2020-10-17,10.0
2020-10-18,128.14062994390432
2020-10-19,57.3733949111288
2020-10-20,99.10273984794861
2020-10-21,145.6858663682862
2020-10-22,81.30565589330149
2020-10-23,76.82982210615131
2020-10-24,149.09871790122133
2020-10-25,108.1400074378409
2020-10-26,129.30960406747937
2020-10-27,10.0
2020-10-28,33.860386355486526
2020-10-29,67.97732627304123
2020-10-30,121.65141373058174
2020-10-31,113.37380857821142
2020-11-01,76.86768441034536
2020-11-02,172.42413889898006
2020-11-03,108.27373322905142
2020-11-04,37.22681401163864
2020-11-05,117.00181994868015
2020-11-06,102.60318567626871
2020-11-07,54.87211223479959
2020-11-08,40.87232535662255
2020-11-09,13.338410019336536
2020-11-10,162.5845500613368
2020-11-11,33.40485159123588
2020-11-12,102.62206674577469
2020-11-13,62.747099220865785
2020-11-14,10.0
2020-11-15,57.184310032869625
2020-11-16,22.594506775179465
2020-11-17,10.0
2020-11-18,14.725570752546439
2020-11-19,54.7172418832088
2020-11-20,10.0
2020-11-21,115.31859116055662
2020-11-22,10.0
2020-11-23,80.48005128398776
2020-11-24,102.26048093533538
2020-11-25,47.73965440961386
2020-11-26,72.26972212190978
2020-11-27,47.96649837250614
2020-11-28,56.06798246196209
2020-11-29,22.9976201647525
2020-11-30,62.12473134286108
2020-12-01,48.909006638733416
2020-12-02,68.80924027384451
2020-12-03,10.0
2020-12-04,52.246851626494596
2020-12-05,76.12379642747706
2020-12-06,89.72026796872615
2020-12-07,70.66487206266123
2020-12-08,94.37934227453286
2020-12-09,12.395505946625498
2020-12-10,18.8451157363016
2020-12-11,82.66382052201905
2020-12-12,29.995925257619128
2020-12-13,99.25799634459068
2020-12-14,23.466766830473635
2020-12-15,38.53258155887416
2020-12-16,41.22246269987569
2020-12-17,51.852220425930284
2020-12-18,56.41357608696119
2020-12-19,34.3284091155434
2020-12-20,74.8194589461711
2020-12-21,10.0
2020-12-22,45.85705072216264
2020-12-23,10.0
2020-12-24,50.998399690166806
2020-12-25,74.90999339590249
2020-12-26,42.12625764770276
2020-12-27,10.0
2020-12-28,10.0
2020-12-29,10.0
2020-12-30,121.15145800557525
2020-12-31,14.703678971689696
2021-01-01,36.56335006276004
2021-01-02,10.459959897161234
2021-01-03,66.33258326050955
2021-01-04,49.26777969750314
2021-01-05,56.635431178352306
2021-01-06,10.0
2021-01-07,10.0
2021-01-08,10.0
2021-01-09,46.43510591129623
2021-01-10,69.93732612749184
2021-01-11,73.21512233513933
2021-01-12,10.0
2021-01-13,64.26214627559328
2021-01-14,16.114168480657142
2021-01-15,10.0
2021-01-16,105.34343690024986
2021-01-17,41.68953633600135
2021-01-18,10.0
2021-01-19,10.0
2021-01-20,37.45723762426435
2021-01-21,68.52671782801545
2021-01-22,85.99474726371858
2021-01-23,39.43997811797892
2021-01-24,10.0
2021-01-25,49.504439139287825
2021-01-26,90.34546419860018
2021-01-27,33.503315285424804
2021-01-28,10.0
2021-01-29,38.54065305947162
2021-01-30,38.410881037901206
2021-01-31,10.0
2021-02-01,127.40982830489097
2021-02-02,57.28215344052544
2021-02-03,68.50254064918103
2021-02-04,60.13283949098221
2021-02-05,21.767604419207167
2021-02-06,10.326320279037972
2021-02-07,91.11535974302114
2021-02-08,35.46965485600344
2021-02-09,105.77553181574393
2021-02-10,10.0
2021-02-11,35.680069082085154
2021-02-12,63.97338190365473
2021-02-13,10.0
2021-02-14,50.856422337936664
2021-02-15,10.0
2021-02-16,48.63733266635796
2021-02-17,28.07582793446006
2021-02-18,41.6316808911935
2021-02-19,35.393979663780584
2021-02-20,10.0
2021-02-21,114.54162694092867
2021-02-22,61.463400095833165
2021-02-23,36.65591112809261
2021-02-24,129.5166526325924
2021-02-25,10.0
2021-02-26,31.564617452546276
2021-02-27,81.41403630520654
2021-02-28,69.37939771690725
2021-03-01,51.7615771430129
2021-03-02,65.73161006544971
2021-03-03,62.263407604344465
2021-03-04,74.39908008331822
2021-03-05,66.86246456278111
2021-03-06,66.7543595593116
2021-03-07,93.09423386935384
2021-03-08,76.88730945138376
2021-03-09,98.05542907109603
2021-03-10,60.407396409163894
2021-03-11,87.9439441176463
2021-03-12,62.123773780267584
2021-03-13,95.35784799528791
2021-03-14,101.06296211281084
2021-03-15,95.0305805224902
2021-03-16,88.38332796827223
2021-03-17,84.27723679100153
2021-03-18,94.41921011516781
2021-03-19,110.38718792111658
2021-03-20,72.10240247492389
2021-03-21,67.70928323966957
2021-03-22,70.29751793219594
2021-03-23,98.61395503177063
2021-03-24,133.43982798082138
2021-03-25,67.44354226838664
2021-03-26,72.22134806138747
2021-03-27,128.07221592720188
2021-03-28,86.52561731843878
2021-03-29,106.23549853290757
2021-03-30,89.64469290706936
2021-03-31,123.75642051665058
2021-04-01,94.33768120646457
2021-04-02,114.93342769937084
2021-04-03,107.72134395952331
2021-04-04,102.80682437415874
2021-04-05,110.42153216371871
2021-04-06,104.96305048223769
2021-04-07,114.04889149859767
2021-04-08,99.76446250570281
2021-04-09,126.62654939035443
2021-04-10,113.92195393413766
2021-04-11,140.3113132355297
2021-04-12,147.46008146799608
2021-04-13,118.78947024171343
2021-04-14,120.4566422190355
2021-04-15,123.4983767074305
2021-04-16,157.1790776570498
2021-04-17,123.67037249421422
2021-04-18,149.84633888866563
2021-04-19,130.49731790168929
2021-04-20,146.40338051624357
2021-04-21,118.1791381063896
2021-04-22,155.9464712749259
2021-04-23,136.91599063563356
2021-04-24,128.9523431689898
2021-04-25,150.05481002207125
2021-04-26,154.9562489672299
2021-04-27,139.22830077504278
2021-04-28,148.6939778366705
2021-04-29,144.03240143729835
2021-04-30,141.91741520901135
2021-05-01,146.1802387384634
2021-05-02,130.5425350749577
2021-05-03,179.99626820204688
2021-05-04,160.0004791958311
2021-05-05,132.4590093857735
2021-05-06,151.7091139103375
2021-05-07,157.22804937348124
2021-05-08,187.9210870373284
2021-05-09,160.5137528726683
2021-05-10,163.98018978523493
2021-05-11,156.07320367100473
2021-05-12,172.8503883022023
2021-05-13,154.41431405870634
2021-05-14,151.07131262093142
2021-05-15,143.24166639666993
2021-05-16,156.27336324571453
2021-05-17,155.30085112909597
2021-05-18,189.95841380700557
2021-05-19,162.21169030728717
2021-05-20,161.58427514842737
2021-05-21,154.72248370759698
2021-05-22,201.9412142635578
2021-05-23,167.94096348369555
2021-05-24,192.56313897168852
2021-05-25,154.71196528400034
2021-05-26,184.5085994429628
2021-05-27,189.69438487190752
2021-05-28,157.8458218556215
2021-05-29,176.95071337904355
2021-05-30,155.282085756369
2021-05-31,155.89511487551545
2021-06-01,173.3383981155761
2021-06-02,175.58954364155315
2021-06-03,177.32769718323314
2021-06-04,181.87380106285852
2021-06-05,184.816092447895
2021-06-06,173.29011650356313
2021-06-07,159.76743497594123
2021-06-08,169.2142341451732
2021-06-09,188.4152204014706
2021-06-10,189.85409989506172
2021-06-11,166.14382457101254
2021-06-12,177.13289131967724
2021-06-13,183.6620778754479
2021-06-14,206.93779748496004
2021-06-15,193.17354132737717
2021-06-16,196.68968233639126
2021-06-17,206.8362459156057
2021-06-18,188.69358180662
2021-06-19,199.40362925221774
2021-06-20,157.3094234447131
2021-06-21,211.74787070046608
2021-06-22,202.10366545047955
2021-06-23,181.6046433830334
2021-06-24,183.25354763746475
2021-06-25,197.75173126935977
2021-06-26,201.00877400737411
2021-06-27,185.5994338527648
2021-06-28,170.950667124357
2021-06-29,201.8907770036578
2021-06-30,182.99568830523475
2021-07-01,179.47148251855242
2021-07-02,163.69211968050757
2021-07-03,225.0993078666677
2021-07-04,197.71201947010084
2021-07-05,192.92228375606453
2021-07-06,157.22542355670936
2021-07-07,204.08000128621046
2021-07-08,192.7001012518997
2021-07-09,191.4285059099817
2021-07-10,190.53895773833534
2021-07-11,183.73325060633488
2021-07-12,177.2819843878643
2021-07-13,189.5902585791106
2021-07-14,178.07904136269337
2021-07-15,189.1527702774426
2021-07-16,217.486824168052
2021-07-17,182.44727371307954
2021-07-18,187.66491811858572
2021-07-19,180.99185787435806
2021-07-20,183.40032104186253
2021-07-21,141.81402551634037
2021-07-22,205.88295745559645
2021-07-23,172.45550764610994
2021-07-24,164.62880206040205
2021-07-25,167.87660795054728
2021-07-26,146.84751650337682
2021-07-27,190.59065904400833
2021-07-28,193.07248620613106
2021-07-29,178.17582891271982
2021-07-30,158.62185246340474
2021-07-31,189.45653571257313
2021-08-01,186.11217400721506
2021-08-02,189.44062458476427
2021-08-03,149.6026994073866
2021-08-04,182.75195649353344
2021-08-05,173.74092899584315
2021-08-06,178.53087979339043
2021-08-07,177.94777606174839
2021-08-08,173.38472482068195
2021-08-09,169.31234169174243
2021-08-10,197.1614154957646
2021-08-11,178.36151748611252
2021-08-12,169.91972371766272
2021-08-13,166.0202225485822
2021-08-14,164.8977483539993
2021-08-15,149.68819139322224
2021-08-16,185.57282691219535
2021-08-17,137.50904407227011
2021-08-18,172.03036311344434
2021-08-19,165.43491274725778
2021-08-20,153.97458437205785
2021-08-21,158.76736830683677
2021-08-22,159.13925563190827
2021-08-23,173.19196834268132
2021-08-24,134.98746965059257
2021-08-25,151.58810664288086
2021-08-26,143.85069416232037
2021-08-27,141.63100739716896
2021-08-28,135.37339198135646
2021-08-29,148.20355662761324
2021-08-30,149.9309360529785
2021-08-31,153.01079400531316
2021-09-01,166.31527071332727
2021-09-02,132.5947201390859
2021-09-03,149.594866204446
2021-09-04,119.12787560639114
2021-09-05,135.92107025551834
2021-09-06,149.43497513063588
2021-09-07,138.1539799235362
2021-09-08,150.35366869982977
2021-09-09,148.31060080467964
2021-09-10,141.75221143094248
2021-09-11,116.03169010360196
2021-09-12,142.49992469868803
2021-09-13,144.0827899298482
2021-09-14,112.3725159287571
2021-09-15,129.54064174314675
2021-09-16,126.77328975439195
2021-09-17,119.87923595929038
2021-09-18,113.09470279945177
2021-09-19,115.83562657734217
2021-09-20,91.070892519289
2021-09-21,116.42426602728997
2021-09-22,98.41965472716822
2021-09-23,111.19537539868104
2021-09-24,126.63127040881126
2021-09-25,110.80500778124659
2021-09-26,91.148436784066
2021-09-27,128.03321713443842
2021-09-28,112.12543699490152
2021-09-29,129.01047092816336
2021-09-30,122.90033942994978
2021-10-01,93.98918747004357
2021-10-02,45.7873211805226
2021-10-03,115.03547699596623
2021-10-04,179.40140047492335
2021-10-05,69.9330845719002
2021-10-06,95.47953714851347
2021-10-07,101.53570368829882
2021-10-08,153.11297783781455
2021-10-09,87.7489614100869
2021-10-10,99.20589300235285
2021-10-11,85.10650840575579
2021-10-12,90.33594711023413
2021-10-13,53.77376493141547
2021-10-14,70.46266448657187
2021-10-15,51.082073607115454
2021-10-16,69.6425334380658
2021-10-17,30.29501000946898
2021-10-18,124.2361410488425
2021-10-19,46.882403834007086
2021-10-20,29.1723658035325
2021-10-21,29.22523102629968
2021-10-22,80.26603692581291
2021-10-23,89.16988475296422
2021-10-24,150.46267049241214
2021-10-25,59.5575812732973
2021-10-26,44.322410969554554
2021-10-27,34.41560651952941
2021-10-28,82.06060791866923
2021-10-29,67.32430073086819
2021-10-30,117.91196646641176
2021-10-31,10.0
2021-11-01,41.01876568587387
2021-11-02,41.409244645105204
2021-11-03,16.74478493598773
2021-11-04,26.030152911126983
2021-11-05,49.71685270404911
2021-11-06,43.945426193809354
2021-11-07,51.70114625274721
2021-11-08,113.34287288648291
2021-11-09,88.43375037659969
2021-11-10,74.62550977559088
2021-11-11,58.70277803506938
2021-11-12,60.02082730629441
2021-11-13,10.025957324452918
2021-11-14,65.08192129461393
2021-11-15,24.62204032866475
2021-11-16,57.39363451851954
2021-11-17,10.0
2021-11-18,78.97332881979008
2021-11-19,65.20637509265565
2021-11-20,42.82673122775363
2021-11-21,10.0
2021-11-22,45.71701190352884
2021-11-23,13.925056513287792
2021-11-24,64.03623356883405
2021-11-25,25.489305074553844
2021-11-26,35.62549288926998
2021-11-27,10.0
2021-11-28,10.0
2021-11-29,10.0
2021-11-30,26.962656169610927
2021-12-01,94.8577519363158
2021-12-02,75.05164676013865
2021-12-03,60.57901323007656
2021-12-04,69.36704106069364
2021-12-05,25.752840279828405
2021-12-06,72.31344342321832
2021-12-07,42.66395339358636
2021-12-08,35.213101892791585
2021-12-09,10.0
2021-12-10,10.0
2021-12-11,24.921738825844198
2021-12-12,11.714852349634423
2021-12-13,84.83878012638986
2021-12-14,10.0
2021-12-15,10.0
2021-12-16,49.87144672148865
2021-12-17,10.0
2021-12-18,44.46183253244709
2021-12-19,54.29443479976337
2021-12-20,10.0
2021-12-21,10.0
2021-12-22,61.32469006030301
2021-12-23,29.37462620798747
2021-12-24,10.0
2021-12-25,33.86489297696709
2021-12-26,10.0
2021-12-27,10.0
2021-12-28,29.287551208547157
2021-12-29,43.6154989470246
2021-12-30,109.61617800149526
2021-12-31,25.420611284846494
2022-01-01,10.0
2022-01-02,64.61128158379019
2022-01-03,45.35003709031165
2022-01-04,10.0
2022-01-05,27.962858362868477
2022-01-06,10.0
2022-01-07,102.29321277155017
2022-01-08,10.0
2022-01-09,10.0
2022-01-10,10.0
2022-01-11,10.0
2022-01-12,10.0
2022-01-13,43.82662250298596
2022-01-14,32.72218151651484
2022-01-15,26.588112430992243
2022-01-16,67.78181322027731
2022-01-17,127.35807409960657
2022-01-18,10.0
2022-01-19,78.91109582181028
2022-01-20,36.76872654284311
2022-01-21,50.97840196991426
2022-01-22,10.0
2022-01-23,36.17743669200314
2022-01-24,28.803243768296205
2022-01-25,25.10061605687147
2022-01-26,10.0
2022-01-27,73.3470420466096
2022-01-28,10.0
2022-01-29,47.42054551366333
2022-01-30,11.280781211222475
2022-01-31,24.802924728529113
2022-02-01,12.884659427724777
2022-02-02,23.63848687497734
2022-02-03,10.0
2022-02-04,10.0
2022-02-05,29.241104473629672
2022-02-06,99.74222600688846
2022-02-07,113.49736356237366
2022-02-08,76.04469680473083
2022-02-09,79.64742216813323
2022-02-10,45.38875079514645
2022-02-11,59.71088032451264
2022-02-12,52.23788024871161
2022-02-13,73.93591538914413
2022-02-14,63.07392867393318
2022-02-15,63.29405791087544
2022-02-16,61.621966659337424
2022-02-17,50.20027567556413
2022-02-18,10.0
2022-02-19,82.92588430036206
2022-02-20,96.32022801134573
2022-02-21,27.348501903476553
2022-02-22,64.73463895299363
2022-02-23,37.39677884172952
2022-02-24,174.96309768769584
2022-02-25,53.53763510351186
2022-02-26,124.74503232345718
2022-02-27,30.783908814118227
2022-02-28,63.49264137677138
2022-03-01,86.41160031983682
2022-03-02,67.33438393006236
2022-03-03,84.49720928687879
2022-03-04,69.26791780081193
2022-03-05,50.17061127716457
2022-03-06,63.88522523566628
2022-03-07,79.86702940684492
2022-03-08,75.40570206733146
2022-03-09,53.07858388906567
2022-03-10,73.43178049259006
2022-03-11,84.6831838264872
2022-03-12,87.2961943022809
2022-03-13,76.91271665155197
2022-03-14,76.79842924780844
2022-03-15,71.58225392976664
2022-03-16,77.30212164659031
2022-03-17,83.9119244543106
2022-03-18,86.93394459113733
2022-03-19,120.74279677715685
2022-03-20,79.85273728994642
2022-03-21,105.35107298014022
2022-03-22,60.60356126621872
2022-03-23,96.67440999447919
2022-03-24,95.81914634286191
2022-03-25,64.55889093392395
2022-03-26,89.90739620347057
2022-03-27,89.71274040223635
2022-03-28,93.9413962752889
2022-03-29,110.36731139249667
2022-03-30,123.35574535059308
2022-03-31,121.12527144832725
2022-04-01,123.15323186791296
2022-04-02,89.29540514516448
2022-04-03,112.74614358009535
2022-04-04,109.40623635200525
2022-04-05,127.20289129033041
2022-04-06,130.64342649577117
2022-04-07,94.57383041400767
2022-04-08,111.66654498300048
2022-04-09,130.92236900132778
2022-04-10,109.93719164586022
2022-04-11,105.7045188704268
2022-04-12,114.25491049295456
2022-04-13,114.15338183733799
2022-04-14,112.47599147169356
2022-04-15,130.19991527224354
2022-04-16,112.16088858357891
2022-04-17,140.76865950260103
2022-04-18,127.08181170047608
2022-04-19,139.22586773625653
2022-04-20,105.31967918089887
2022-04-21,134.08947779713088
2022-04-22,162.3519260355836
2022-04-23,132.1927861292001
2022-04-24,143.56000015799896
2022-04-25,130.33936706415471
2022-04-26,134.3752240443507
2022-04-27,118.95604995010845
2022-04-28,142.87441080491627
2022-04-29,128.87664255975102
2022-04-30,166.955887019867
2022-05-01,169.64588481161354
2022-05-02,143.72053766200125
2022-05-03,119.29204637458145
2022-05-04,134.91440171759197
2022-05-05,155.14556011015364
2022-05-06,136.12409945304182
2022-05-07,150.84912834009273
2022-05-08,122.97563798257566
2022-05-09,151.31651979579183
2022-05-10,150.05793796917402
2022-05-11,156.15983834190592
2022-05-12,166.30632233264873
2022-05-13,144.90113544467272
2022-05-14,160.05491745732346
2022-05-15,172.9866067464258
2022-05-16,165.9020539946914
2022-05-17,148.84510192510461
2022-05-18,159.5915140086417
2022-05-19,164.95703236133744
2022-05-20,198.94836576183297
2022-05-21,162.76053838750101
2022-05-22,145.53456183791002
2022-05-23,175.08598276202713
2022-05-24,145.32416872792302
2022-05-25,156.34490750701224
2022-05-26,176.57545558181317
2022-05-27,166.57617921982757
2022-05-28,152.33693833432014
2022-05-29,164.55960787921316
2022-05-30,178.33209410997304
2022-05-31,178.3465480843565
2022-06-01,148.38579252562354
2022-06-02,168.49661656087108
2022-06-03,157.76833906609926
2022-06-04,155.02943971721456
2022-06-05,170.64288708432335
2022-06-06,204.8498581313526
2022-06-07,169.73868619551126
2022-06-08,174.06864131701855
2022-06-09,198.22652200995415
2022-06-10,165.65949450745845
2022-06-11,197.3937286672638
2022-06-12,188.26154749044508
2022-06-13,165.1114120647939
2022-06-14,138.912684643837
2022-06-15,184.62071819218392
2022-06-16,170.23373579246407
2022-06-17,157.57455090488943
2022-06-18,196.80023132346997
2022-06-19,178.12649970331452
2022-06-20,172.90662897306012
2022-06-21,170.7203380308141
2022-06-22,220.9692649851109
2022-06-23,184.32546966983438
2022-06-24,173.15240226534152
2022-06-25,200.6057098720924
2022-06-26,190.54605188294468
2022-06-27,167.62955637118378
2022-06-28,166.57490804049547
2022-06-29,214.731785804347
2022-06-30,174.12589122735065
2022-07-01,171.46976085990218
2022-07-02,174.7302240413204
2022-07-03,193.28411394601747
2022-07-04,184.06778918143735
2022-07-05,186.84892659511095
2022-07-06,159.21235164251232
2022-07-07,177.17879551322866
2022-07-08,188.76983843122417
2022-07-09,169.58708137175645
2022-07-10,169.56755770745366
2022-07-11,184.69056873703144
2022-07-12,182.55395226936577
2022-07-13,173.51740836607337
2022-07-14,155.21558434992275
2022-07-15,190.24911923818522
2022-07-16,165.12716726138882
2022-07-17,166.26083634775952
2022-07-18,173.5813998757151
2022-07-19,185.22826604018636
2022-07-20,165.33368828120325
2022-07-21,136.44671131266108
2022-07-22,164.52291751386866
2022-07-23,193.72353628123776
2022-07-24,142.81759016813606
2022-07-25,178.88887272273672
2022-07-26,174.38658931925656
2022-07-27,161.55854158576824
2022-07-28,176.78628393604987
2022-07-29,204.5304887684699
2022-07-30,155.1232462619603
2022-07-31,195.24232435832513
2022-08-01,170.42755947914392
2022-08-02,185.41535855561614
2022-08-03,182.51678774849168
2022-08-04,183.81614881877064
2022-08-05,190.14391097627984
2022-08-06,192.6159712616751
2022-08-07,176.5879522476083
2022-08-08,162.02133049595685
2022-08-09,173.76294548491538
2022-08-10,170.15204722777335
2022-08-11,134.65420067620957
2022-08-12,149.06609418091708
2022-08-13,184.5922629071992
2022-08-14,177.58149914199876
2022-08-15,163.95438922418705
2022-08-16,159.30667161018258
2022-08-17,146.138443064937
2022-08-18,151.8285003358248
2022-08-19,173.63764528711636
2022-08-20,171.49356097258777
2022-08-21,144.95012043500373
2022-08-22,132.66181652357415
2022-08-23,128.4352426703056
2022-08-24,159.12962351319365
2022-08-25,141.667691644223
2022-08-26,161.51907073846058
2022-08-27,166.61646967001747
2022-08-28,158.51496696178566
2022-08-29,159.388819009323
2022-08-30,141.38119168164667
2022-08-31,159.08226998505748
2022-09-01,130.25464009147132
2022-09-02,127.4509063362759
2022-09-03,158.27342592846048
2022-09-04,132.07442379979418
2022-09-05,106.36167690537688
2022-09-06,154.62555832468118
2022-09-07,142.56578974247049
2022-09-08,169.2644780703436
2022-09-09,127.9787277735482
2022-09-10,144.46871726889464
2022-09-11,125.13919189848009
2022-09-12,129.6708878840879
2022-09-13,164.62501444486062
2022-09-14,142.53006405260209
2022-09-15,102.09809283764497
2022-09-16,115.79309233499215
2022-09-17,141.29934953326034
2022-09-18,130.18362066690872
2022-09-19,105.84104610920545
2022-09-20,138.8314013292336
2022-09-21,115.98112987925984
2022-09-22,123.1496149776674
2022-09-23,109.23716874209383
2022-09-24,114.13808603308242
2022-09-25,124.60322466935553
2022-09-26,114.37048500866977
2022-09-27,112.81902496313128
2022-09-28,135.66377195869106
2022-09-29,133.07453896796156
2022-09-30,130.276915008108
2022-10-01,113.88611845440144
2022-10-02,127.68770422802679
2022-10-03,30.706925504016368
2022-10-04,189.0324127417228
2022-10-05,62.756598319061155
2022-10-06,99.2344144885344
2022-10-07,108.80322864280795
2022-10-08,49.798065490825856
2022-10-09,83.17688335268497
2022-10-10,53.31942996654363
2022-10-11,100.21389037322294
2022-10-12,101.75867654535011
2022-10-13,141.52825062300894
2022-10-14,71.01184173004185
2022-10-15,78.13808211874036
2022-10-16,40.11736522648677
2022-10-17,72.59936747687723
2022-10-18,117.89407555834495
2022-10-19,88.48334009118614
2022-10-20,92.32278903532674
2022-10-21,57.68572049812232
2022-10-22,73.87946750948568
2022-10-23,167.23092117977393
2022-10-24,92.89427861339186
2022-10-25,112.42537709976912
2022-10-26,77.14132712983358
2022-10-27,109.72888117736298
2022-10-28,33.71761460431429
2022-10-29,56.52079513335761
2022-10-30,145.66248523223317
2022-10-31,50.57686062517454
2022-11-01,59.730611904808434
2022-11-02,37.46769099354631
2022-11-03,153.16852549948243
2022-11-04,31.54930177284028
2022-11-05,10.0
2022-11-06,10.0
2022-11-07,10.0
2022-11-08,20.044120289028392
2022-11-09,81.48021508124941
2022-11-10,65.4253417907868
2022-11-11,21.0788829955684
2022-11-12,53.69244072223594
2022-11-13,45.452358248523524
2022-11-14,41.92529690356896
2022-11-15,71.3912613259709
2022-11-16,10.0
2022-11-17,39.27887099141876
2022-11-18,10.27289409159701
2022-11-19,10.0
2022-11-20,39.72782440735216
2022-11-21,37.456704169164404
2022-11-22,90.08808319105918
2022-11-23,31.29568689608393
2022-11-24,10.0
2022-11-25,92.89354737983291
2022-11-26,41.217711001398655
2022-11-27,10.0
2022-11-28,10.0
2022-11-29,10.0
2022-11-30,10.0
2022-12-01,33.92039608408301
2022-12-02,25.660934359766863
2022-12-03,10.0
2022-12-04,62.283538853567116
2022-12-05,74.73982214742462
2022-12-06,30.100253581147356
2022-12-07,16.09403815683923
2022-12-08,39.9961337562636
2022-12-09,62.63266282551554
2022-12-10,15.555001556183019
2022-12-11,10.0
2022-12-12,27.642284097851512
2022-12-13,58.07551564065089
2022-12-14,20.832630066840316
2022-12-15,10.0
2022-12-16,10.0
2022-12-17,10.0
2022-12-18,28.20874107252338
2022-12-19,55.44911155547577
2022-12-20,18.368760142707128
2022-12-21,10.0
2022-12-22,37.249075137741514
2022-12-23,10.0
2022-12-24,33.446427727929695
2022-12-25,86.9742055028696
2022-12-26,10.0
2022-12-27,27.847743762426074
2022-12-28,48.82753617433992
2022-12-29,10.0
2022-12-30,10.0
2022-12-31,10.0
2023-01-01,10.0
2023-01-02,10.0
2023-01-03,10.0
2023-01-04,10.0
2023-01-05,10.0
2023-01-06,34.53539213596441
2023-01-07,10.0
2023-01-08,10.0
2023-01-09,68.85286674123601
2023-01-10,10.0
2023-01-11,70.73930893494801
2023-01-12,48.87325532654968
2023-01-13,10.0
2023-01-14,10.0
2023-01-15,22.398177105231223
2023-01-16,10.0
2023-01-17,54.12419443780455
2023-01-18,17.537148412594682
2023-01-19,10.0
2023-01-20,27.11289151493254
2023-01-21,10.0
2023-01-22,35.246320092716545
2023-01-23,24.22562356686252
2023-01-24,25.38512948664166
2023-01-25,80.52322011775651
2023-01-26,10.0
2023-01-27,30.314318551299973
2023-01-28,10.0
2023-01-29,51.12571446976511
2023-01-30,28.238506902493814
2023-01-31,55.95083377324998
2023-02-01,10.0
2023-02-02,47.60541530552999
2023-02-03,10.0
2023-02-04,33.456645376117116
2023-02-05,98.45479987017029
2023-02-06,108.34287152601576
2023-02-07,40.36927012575797
2023-02-08,41.332201988657395
2023-02-09,16.87101947088399
2023-02-10,22.945187217480367
2023-02-11,10.0
2023-02-12,39.666671091041664
2023-02-13,64.42267521496001
2023-02-14,116.46328366934266
2023-02-15,22.362140864744042
2023-02-16,82.9845661036677
2023-02-17,10.0
2023-02-18,49.48128417197441
2023-02-19,10.0
2023-02-20,142.3822390889146
2023-02-21,103.7704736562537
2023-02-22,22.898523728212222
2023-02-23,33.86294624993208
2023-02-24,70.43480043643072
2023-02-25,75.22671272909975
2023-02-26,79.32259849085877
2023-02-27,10.0
2023-02-28,52.827498945182214
2023-03-01,64.38336858041474
2023-03-02,71.72738795096205
2023-03-03,85.44603255786772
2023-03-04,61.895096569767865
2023-03-05,77.87014834199101
2023-03-06,40.06906040684886
2023-03-07,83.23406930925401
2023-03-08,73.98543365637784
2023-03-09,63.75213260121035
2023-03-10,88.01387276683235
2023-03-11,73.7648923538467
2023-03-12,74.25364254838605
2023-03-13,78.06809678394215
2023-03-14,67.60764626501056
2023-03-15,73.68653147539058
2023-03-16,70.69307667874578
2023-03-17,57.641745335930736
2023-03-18,66.97147599199928
2023-03-19,86.98296744535351
2023-03-20,87.89454123855268
2023-03-21,85.09351514706937
2023-03-22,97.67357007864135
2023-03-23,91.09325020310409
2023-03-24,84.29819944895537
2023-03-25,117.18823274957535
2023-03-26,105.21564787258363
2023-03-27,84.38575247378054
2023-03-28,84.16096134620439
2023-03-29,113.56466048041062
2023-03-30,136.98952483363294
2023-03-31,109.50752209112936
2023-04-01,99.78023225389605
2023-04-02,117.17271293426387
2023-04-03,123.27104142186201
2023-04-04,94.16505793756028
2023-04-05,110.72139503639885
2023-04-06,120.73869633627446
2023-04-07,113.58364735088001
2023-04-08,106.36064678299158
2023-04-09,130.64041712370363
2023-04-10,133.9816499803689
2023-04-11,110.3609926284334
2023-04-12,78.49800172965739
2023-04-13,136.89462750290318
2023-04-14,122.67978165509402
2023-04-15,117.52765062414358
2023-04-16,118.21853284159293
2023-04-17,103.49586088198775
2023-04-18,104.41486229341065
2023-04-19,139.3672099948837
2023-04-20,126.6344427076181
2023-04-21,138.1420840699436
2023-04-22,135.3015873439851
2023-04-23,133.8567845009756
2023-04-24,113.57356706130295
2023-04-25,150.4440373559114
2023-04-26,125.40916680790963
2023-04-27,157.1526592944184
2023-04-28,120.26710742831423
2023-04-29,138.04342448582676
2023-04-30,133.89613240252288
2023-05-01,134.66801296609262
2023-05-02,126.53690001687602
2023-05-03,121.34007901912346
2023-05-04,127.90321019324236
2023-05-05,145.01961072482325
2023-05-06,153.36461779386983
2023-05-07,163.21393486082084
2023-05-08,134.46696549220206
2023-05-09,164.68035804289846
2023-05-10,144.32246094053588
2023-05-11,161.10842253915337
2023-05-12,130.07782430121117
2023-05-13,156.68895085971852
2023-05-14,124.98264567076859
2023-05-15,151.456569633493
2023-05-16,158.48113374278861
2023-05-17,148.67426065674468
2023-05-18,132.86182832688638
2023-05-19,135.76877257328118
2023-05-20,182.08101149600608
2023-05-21,167.65182652565588
2023-05-22,162.41161595747369
2023-05-23,180.2722240990783
2023-05-24,153.54023172726468
2023-05-25,168.8389680157382
2023-05-26,200.97521292416235
2023-05-27,174.8558940539614
2023-05-28,158.51334354047285
2023-05-29,170.85171156833755
2023-05-30,170.58988927174485
2023-05-31,199.99086007813855
2023-06-01,157.3917542016006
2023-06-02,153.87229162041422
2023-06-03,169.46066677706872
2023-06-04,166.35900660986348
2023-06-05,150.40596274185611
2023-06-06,152.7026841510507
2023-06-07,174.12307974414344
2023-06-08,181.60626598238883
2023-06-09,158.11654952112755
2023-06-10,154.02349682206835
2023-06-11,183.18512208411863
2023-06-12,168.42089033013144
2023-06-13,178.2709193272936
2023-06-14,164.22630313131248
2023-06-15,169.5805652653421
2023-06-16,164.5269014704377
2023-06-17,153.6436062288787
2023-06-18,177.14695927670996
2023-06-19,154.6886009056291
2023-06-20,135.79358008064239
2023-06-21,206.36540015009865
2023-06-22,173.78383864884313
2023-06-23,190.41404793836045
2023-06-24,182.54416036587097
2023-06-25,166.55175433414726
2023-06-26,184.2572863694474
2023-06-27,192.63162562285422
2023-06-28,171.11947530309183
2023-06-29,191.72349640038925
2023-06-30,170.32808614459583
2023-07-01,176.9858152063094
2023-07-02,187.8656067528509
2023-07-03,180.80411115280896
2023-07-04,176.39500958090204
2023-07-05,173.30672416708785
2023-07-06,204.98321851335777
2023-07-07,170.32434191686858
2023-07-08,178.3334062728955
2023-07-09,207.15996691641888
2023-07-10,189.86802795257057
2023-07-11,174.52339279612943
2023-07-12,155.48724011546668
2023-07-13,171.88592001820274
2023-07-14,183.15762777932102
2023-07-15,184.904515765242
2023-07-16,161.7329923609934
2023-07-17,176.55848115187254
2023-07-18,179.60967963510623
2023-07-19,188.59407855397794
2023-07-20,182.0264821252933
2023-07-21,173.94295776549956
2023-07-22,210.09033904758786
2023-07-23,169.2579772642204
2023-07-24,192.95545625148924
2023-07-25,170.46569040852117
2023-07-26,179.59513615051446
2023-07-27,183.21534435157412
2023-07-28,162.38900582897344
2023-07-29,142.93467525418976
2023-07-30,147.68718558829698
2023-07-31,176.21192437160965
2023-08-01,166.15657755600023
2023-08-02,157.61575541669694
2023-08-03,160.26451441195456
2023-08-04,172.9101889412333
2023-08-05,137.37936564106272
2023-08-06,131.2631116482749
2023-08-07,180.21883105164568
2023-08-08,166.68851111896302
2023-08-09,172.43269407257912
2023-08-10,143.73061154690447
2023-08-11,157.0854623100459
2023-08-12,155.13933846567846
2023-08-13,153.8829050196361
2023-08-14,151.0261439038297
2023-08-15,158.46958873495836
2023-08-16,149.79670400690517
2023-08-17,163.08986420181438
2023-08-18,158.3487094860264
2023-08-19,172.382808387259
2023-08-20,141.97149419139976
2023-08-21,181.6233223613315
2023-08-22,173.05441208629833
2023-08-23,137.68198065936016
2023-08-24,143.4667214705176
2023-08-25,139.36812932229512
2023-08-26,147.27866457962563
2023-08-27,155.41272292905796
2023-08-28,141.75137301312105
2023-08-29,147.80263221239875
2023-08-30,139.96763523655036
2023-08-31,100.47809710750309
2023-09-01,153.46727949541392
2023-09-02,134.8880837776572
2023-09-03,141.73742771086384
2023-09-04,135.50783014163082
2023-09-05,142.74767371713708
2023-09-06,139.41472786717787
2023-09-07,95.32563547241617
2023-09-08,106.66504832600984
2023-09-09,100.14148447745428
2023-09-10,105.82339740839397
2023-09-11,102.07090468906986
2023-09-12,96.36016427430346
2023-09-13,122.25545454231666
2023-09-14,136.16632248260345
2023-09-15,106.15517629451972
2023-09-16,123.51351559358855
2023-09-17,138.9386871738728
2023-09-18,127.15996172075346
2023-09-19,162.0813826213131
2023-09-20,94.07434810505647
2023-09-21,100.87075425119937
2023-09-22,126.75625903721217
2023-09-23,101.7767320881517
2023-09-24,121.07646059529084
2023-09-25,114.64875829864697
2023-09-26,105.86313168645489
2023-09-27,102.30126150470578
2023-09-28,94.52482895805841
2023-09-29,100.09079923556179
2023-09-30,114.76627155398035
2023-10-01,42.91641125364943
2023-10-02,118.98929642001295
2023-10-03,51.275378854319
2023-10-04,110.11623835380179
2023-10-05,92.82735524056639
2023-10-06,101.67627115061555
2023-10-07,65.34096901105484
2023-10-08,102.55148232433103
2023-10-09,110.30107491692854
2023-10-10,120.49348965388789
2023-10-11,140.08829785859763
2023-10-12,96.83965191422612
2023-10-13,123.44376949187803
2023-10-14,130.45642153165306
2023-10-15,173.7321565173732
2023-10-16,68.83384881213611
2023-10-17,34.633366140278426
2023-10-18,84.67979633781547
2023-10-19,56.959027742486725
2023-10-20,159.4861075723263
2023-10-21,10.0
2023-10-22,35.79311882588891
2023-10-23,98.3729077143145
2023-10-24,50.80771820677695
2023-10-25,37.69642214084445
2023-10-26,38.3391035073249
2023-10-27,10.0
2023-10-28,10.0
2023-10-29,10.0
2023-10-30,10.0
2023-10-31,24.147320310714974
2023-11-01,64.0021669380964
2023-11-02,105.05246850696324
2023-11-03,25.044714595014504
2023-11-04,10.0
2023-11-05,60.70071643936596
2023-11-06,67.07903896454269
2023-11-07,64.6266807279865
2023-11-08,34.4908412362817
2023-11-09,40.501456568016074
2023-11-10,25.241382164078956
2023-11-11,10.720441069666691
2023-11-12,86.59356458580892
2023-11-13,48.42482718404388
2023-11-14,93.31587812726299
2023-11-15,84.98565995761787
2023-11-16,48.17138052475997
2023-11-17,49.89164399624528
2023-11-18,10.0
2023-11-19,52.77636409796538
2023-11-20,10.0
2023-11-21,10.0
2023-11-22,20.168064206322022
2023-11-23,60.14873590568091
2023-11-24,13.45490065545918
2023-11-25,77.03556600409256
2023-11-26,10.0
2023-11-27,35.97152249985003
2023-11-28,31.909246838639284
2023-11-29,27.121544923999267
2023-11-30,104.37169124974298
2023-12-01,10.0
2023-12-02,53.878581408652536
2023-12-03,10.0
2023-12-04,66.25398985977199
2023-12-05,10.0
2023-12-06,10.0
2023-12-07,10.0
2023-12-08,10.0
2023-12-09,10.0
2023-12-10,10.0
2023-12-11,56.728275884601935
2023-12-12,45.11162018816987
2023-12-13,29.975931612115385
2023-12-14,80.95926718443387
2023-12-15,29.396725440189236
2023-12-16,44.663871126087926
2023-12-17,10.0
2023-12-18,18.92810221440992
2023-12-19,10.0
2023-12-20,53.86866220771102
2023-12-21,27.818383933280504
2023-12-22,25.57085355630671
2023-12-23,71.2026368263549
2023-12-24,113.68319241891783
2023-12-25,10.0
2023-12-26,71.07582955529824
2023-12-27,10.0
2023-12-28,10.0
2023-12-29,130.98095514660884
2023-12-30,11.601501536624511
2023-12-31,10.0
2024-01-01,61.338527434012754
2024-01-02,10.0
2024-01-03,67.81092930149634
2024-01-04,82.29447966369827
2024-01-05,28.61063133485017
2024-01-06,10.0
2024-01-07,10.0
2024-01-08,10.0
2024-01-09,36.59499564952952
2024-01-10,42.26418620593018
2024-01-11,10.0
2024-01-12,16.79065695427986
2024-01-13,19.144961297130877
2024-01-14,10.0
2024-01-15,13.468406119284651
2024-01-16,37.13286067216001
2024-01-17,10.0
2024-01-18,10.0
2024-01-19,25.55419547066694
2024-01-20,10.0
2024-01-21,10.0
2024-01-22,28.57201936599015
2024-01-23,10.0
2024-01-24,60.48186545075492
2024-01-25,10.0
2024-01-26,24.459805066842698
2024-01-27,62.573531361932176
2024-01-28,10.0
2024-01-29,47.963791750094096
2024-01-30,75.74097422692488
2024-01-31,56.24890536385284
2024-02-01,10.0
2024-02-02,104.58875994198496
2024-02-03,15.828591682398422
2024-02-04,10.0
2024-02-05,35.79945474454252
2024-02-06,68.71782024808826
2024-02-07,12.404744744671653
2024-02-08,15.224766034091367
2024-02-09,10.0
2024-02-10,77.11996579003835
2024-02-11,10.0
2024-02-12,38.80309300755077
2024-02-13,59.251988873044
2024-02-14,131.37747992394094
2024-02-15,68.63103221314299
2024-02-16,95.27512864654797
2024-02-17,83.84253221317127
2024-02-18,43.1986262225945
2024-02-19,32.129546638150124
2024-02-20,66.39034680262625
2024-02-21,10.0
2024-02-22,41.99422061132281
2024-02-23,10.0
2024-02-24,10.0
2024-02-25,51.466317520741086
2024-02-26,106.71715650790077
2024-02-27,54.21887986077076
2024-02-28,80.98876982949457
2024-02-29,53.5783390785741
2024-03-01,48.81039615851296
2024-03-02,60.60451590054255
2024-03-03,72.58810546531141
2024-03-04,51.17779307145831
2024-03-05,40.534853306946495
2024-03-06,88.27489501596392
2024-03-07,43.936796058669145
2024-03-08,71.34039544341
2024-03-09,45.46058469140193
2024-03-10,65.44044173455937
2024-03-11,80.54494698580298
2024-03-12,88.77209662280859
2024-03-13,79.4890791332366
2024-03-14,64.29212046565185
2024-03-15,53.47279220634319
2024-03-16,56.96750816518123
2024-03-17,81.83070746980607
2024-03-18,75.09797433286387
2024-03-19,81.00634643528048
2024-03-20,99.2248694482253
2024-03-21,89.82731964414666
2024-03-22,79.4871219922764
2024-03-23,96.48660804145878
2024-03-24,90.19507696840704
2024-03-25,97.90607774961738
2024-03-26,61.157093653867484
2024-03-27,104.57276347170185
2024-03-28,103.9801856131876
2024-03-29,93.22700641172138
2024-03-30,98.9055131202813
2024-03-31,77.64313251632015
2024-04-01,94.91022909325912
2024-04-02,103.35943881203983
2024-04-03,86.37849702970325
2024-04-04,118.3956316457283
2024-04-05,93.1486383842532
2024-04-06,110.56848921418538
2024-04-07,83.42977279753941
2024-04-08,111.33076910579095
2024-04-09,104.73617717362967
2024-04-10,105.98382381716782
2024-04-11,93.01843325481619
2024-04-12,126.74468563522346
2024-04-13,117.16613614584777
2024-04-14,111.53031895545035
2024-04-15,107.73100952840568
2024-04-16,128.4658896406548
2024-04-17,128.83797925848057
2024-04-18,117.60624245731985
2024-04-19,129.93853789621585
2024-04-20,148.43993578912716
2024-04-21,122.40240657964785
2024-04-22,91.49315097911332
2024-04-23,144.83305814838047
2024-04-24,145.13574702156475
2024-04-25,144.65252566415697
2024-04-26,131.54598759654667
2024-04-27,155.60367771410398
2024-04-28,143.11000009675163
2024-04-29,147.22499057224587
2024-04-30,141.9104090862524
2024-05-01,141.0731362632352
2024-05-02,139.5555779646216
2024-05-03,144.86498342296014
2024-05-04,128.60380036120927
2024-05-05,161.29209673688055
2024-05-06,140.1976706335934
2024-05-07,157.95068747942503
2024-05-08,148.4219806757491
2024-05-09,149.52500735842483
2024-05-10,149.3388990771147
2024-05-11,146.47415120925703
2024-05-12,126.62614180082394
2024-05-13,163.16250345616305
2024-05-14,134.47814327902427
2024-05-15,153.50830436339106
2024-05-16,150.06783205221996
2024-05-17,154.60190869307743
2024-05-18,167.7214858820918
2024-05-19,167.66327172905918
2024-05-20,157.5711396353999
2024-05-21,171.5346981626791
2024-05-22,138.76520701430192
2024-05-23,137.4221637293014
2024-05-24,162.75250927300476
2024-05-25,166.30478127462052
2024-05-26,152.84182353135716
2024-05-27,145.36032779458685
2024-05-28,136.80589672757438
2024-05-29,177.98711330106556
2024-05-30,156.8388699203108
2024-05-31,164.1061063841571
2024-06-01,161.0448718633686
2024-06-02,168.71612054154656
2024-06-03,146.15892107712858
2024-06-04,155.9516479205808
2024-06-05,160.07327762492096
2024-06-06,142.45284075959918
2024-06-07,167.44384854472872
2024-06-08,172.92380193761656
2024-06-09,168.88244735329255
2024-06-10,149.18098678487243
2024-06-11,153.0114183843538
2024-06-12,175.4992108775113
2024-06-13,185.63161009720656
2024-06-14,174.43180720626998
2024-06-15,188.464234449824
2024-06-16,176.3855300261329
2024-06-17,183.06447605580394
2024-06-18,151.15932130803742
2024-06-19,147.7696663588711
2024-06-20,187.18285984468702
2024-06-21,170.7291098325782
2024-06-22,186.5602388592018
2024-06-23,146.04094479089525
2024-06-24,180.3718506397648
2024-06-25,184.8241512435386
2024-06-26,147.0792716071238
2024-06-27,181.51808741737523
2024-06-28,162.08360292794157
2024-06-29,173.7080957882558
2024-06-30,181.87990844752974
2024-07-01,161.29065141698055
2024-07-02,177.17851020281267
2024-07-03,156.8683086349279
2024-07-04,179.983473346117
2024-07-05,200.40237965594457
2024-07-06,156.29582808953373
2024-07-07,175.30847353574052
2024-07-08,181.48698231188632
2024-07-09,177.4171184772351
2024-07-10,172.1325645876362
2024-07-11,177.81401471556077
2024-07-12,181.76061727003207
2024-07-13,168.29673066736703
2024-07-14,175.10994263005767
2024-07-15,208.07748160317726
2024-07-16,182.33374394092172
2024-07-17,147.93938376859333
2024-07-18,157.2392270994121
2024-07-19,175.4689836007695
2024-07-20,185.04509423964387
2024-07-21,169.44507577203638
2024-07-22,149.5266474692832
2024-07-23,154.51874653512053
2024-07-24,174.230908403092
2024-07-25,157.03102521797857
2024-07-26,162.19764351414108
2024-07-27,172.8531907273743
2024-07-28,141.60647540958556
2024-07-29,166.6617352998695
2024-07-30,183.08157559730694
2024-07-31,164.461877285283
2024-08-01,173.0194737939936
2024-08-02,156.5460734756874
2024-08-03,154.71191456672116
2024-08-04,187.58925622040732
2024-08-05,193.98620604902052
2024-08-06,153.8572739843478
2024-08-07,158.43136432443077
2024-08-08,149.54678529720218
2024-08-09,173.87082707327733
2024-08-10,143.00959885165884
2024-08-11,161.6990003823253
2024-08-12,138.44437499233788
2024-08-13,179.87198084982052
2024-08-14,150.7270732463859
2024-08-15,123.88951175979163
2024-08-16,133.4601626159369
2024-08-17,141.7177808359434
2024-08-18,146.56833047297104
2024-08-19,156.4231759437886
2024-08-20,137.99686253321937
2024-08-21,174.42821756361977
2024-08-22,132.07850222281806
2024-08-23,141.46430827026134
2024-08-24,127.6062796287373
2024-08-25,151.0587196800287
2024-08-26,131.60801506291625
2024-08-27,121.12771758230392
2024-08-28,126.84818547954902
2024-08-29,145.7221762145826
2024-08-30,115.56137402765748
2024-08-31,144.72068588556334
2024-09-01,132.65960685697917
2024-09-02,153.5926265625051
2024-09-03,118.05640329336065
2024-09-04,139.3065619253406
2024-09-05,126.66312209161391
2024-09-06,128.075110745132
2024-09-07,121.91023523294008
2024-09-08,106.98710092396226
2024-09-09,122.90986938329847
2024-09-10,108.55103668260193
2024-09-11,115.60577524807469
2024-09-12,113.9110606433509
2024-09-13,123.95868815452033
2024-09-14,100.74220616430765
2024-09-15,132.7940214922167
2024-09-16,84.42116792218182
2024-09-17,113.66563199207208
2024-09-18,97.92681361963818
2024-09-19,119.89492547941985
2024-09-20,125.87629737669143
2024-09-21,108.15986098856719
2024-09-22,92.81717710876556
2024-09-23,109.39369255883162
2024-09-24,118.13252042195188
2024-09-25,76.2735504475743
2024-09-26,88.5998736086012
2024-09-27,90.02933823473278
2024-09-28,112.06723345364632
2024-09-29,81.58743361344986
2024-09-30,75.6266241989138
2024-10-01,144.13551091894982
2024-10-02,156.6653601161696
2024-10-03,120.18899756026407
2024-10-04,123.77356243933458
2024-10-05,10.0
2024-10-06,86.47529692850597
2024-10-07,70.27687344228976
2024-10-08,99.6776495567342
2024-10-09,60.37271036069974
2024-10-10,56.77023449479522
2024-10-11,53.86646406461453
2024-10-12,35.13517527571557
2024-10-13,37.089447942299145
2024-10-14,66.37859634759022
2024-10-15,66.55899765659922
2024-10-16,10.0
2024-10-17,121.7614375442335
2024-10-18,81.71896410788669
2024-10-19,105.80359859293719
2024-10-20,94.17418822432279
2024-10-21,30.775600936293294
2024-10-22,50.74990186350886
2024-10-23,51.58779217896661
2024-10-24,35.82045010533209
2024-10-25,10.0
2024-10-26,32.635275624792925
2024-10-27,79.86110391510834
2024-10-28,59.104846131714794
2024-10-29,33.615696324897144
2024-10-30,92.67511792426426
2024-10-31,61.49040683920511
2024-11-01,142.59720551673558
2024-11-02,51.564596256657396
2024-11-03,46.58591741152317
2024-11-04,116.46041596929102
2024-11-05,83.87291664435367
2024-11-06,38.68554158023911
2024-11-07,90.15292636848076
2024-11-08,38.28172157932956
2024-11-09,62.787044638369075
2024-11-10,49.78650017333196
2024-11-11,67.1879339345848
2024-11-12,166.91336147156264
2024-11-13,10.0
2024-11-14,27.470222473676372
2024-11-15,47.75946749431439
2024-11-16,48.298910703167884
2024-11-17,10.0
2024-11-18,33.25620873385307
2024-11-19,10.0
2024-11-20,40.58008293405487
2024-11-21,28.387820402473118
2024-11-22,61.43923112809266
2024-11-23,25.99641945890526
2024-11-24,88.15797631407135
2024-11-25,90.3248980029901
2024-11-26,38.81440981075191
2024-11-27,10.0
2024-11-28,10.0
2024-11-29,79.33761922681104
2024-11-30,39.023745014903454
2024-12-01,29.082411003731348
2024-12-02,68.68493015803129
2024-12-03,38.128532374163655
2024-12-04,70.40039722928073
2024-12-05,10.0
2024-12-06,45.84459211378855
2024-12-07,18.349719518505594
2024-12-08,10.0
2024-12-09,43.19123533345241
2024-12-10,10.0
2024-12-11,10.0
2024-12-12,10.0
2024-12-13,36.02806255613042
2024-12-14,10.0
2024-12-15,26.21907901585101
2024-12-16,10.0
2024-12-17,30.45474261156012
2024-12-18,22.47630199195631
2024-12-19,45.41275166614949
2024-12-20,80.9116621219608
2024-12-21,73.59988113039122
2024-12-22,10.0
2024-12-23,67.73029115965126
2024-12-24,10.0
2024-12-25,20.342523584854455
2024-12-26,10.0
2024-12-27,10.0
2024-12-28,10.0
2024-12-29,36.08017624898777
2024-12-30,10.0
2024-12-31,10.0
